Date,index,Municipality,FWI,FWI_index
2015-04-12,729319,481,19.2,4.0
2015-04-12,729325,509,20.4,4.166666666666667
2015-04-12,729327,513,22.66,4.8
2015-04-12,729328,560,19.900000000000002,4.0
2015-04-12,729329,561,22.633333333333336,4.833333333333333
2015-04-12,729330,562,18.799999999999997,4.0
2015-04-12,729331,563,22.428571428571427,4.714285714285714
2015-04-12,729332,580,22.191666666666666,4.5
2015-04-12,729334,582,21.014285714285712,4.285714285714286
2015-04-12,729336,584,22.433333333333334,4.666666666666667
2015-04-12,729337,586,22.4,4.4
2015-04-12,729362,860,20.39,4.3
2015-04-12,729367,882,21.018181818181816,4.454545454545454
2015-04-12,729368,883,23.731818181818184,4.818181818181818
2015-04-12,729369,884,22.36,4.6
2015-04-12,729442,1472,18.8,4.0
2015-04-12,729486,1881,19.3,4.0
2015-04-19,731483,2182,20.033333333333335,4.166666666666667
2015-04-20,731706,1760,18.2,4.0
2015-04-20,731728,1883,19.5,4.0
2015-04-20,731729,1884,20.166666666666668,4.0
2015-04-20,731730,1885,18.816666666666666,4.0
2015-04-20,731731,1904,18.06,4.0
2015-04-20,731743,2026,19.566666666666666,4.0
2015-04-20,731748,2061,18.922222222222224,4.0
2015-04-20,731751,2081,20.419999999999998,4.2
2015-04-20,731752,2082,19.775,4.0
2015-04-22,732288,1883,18.725,4.0
2015-04-22,732289,1884,19.633333333333336,4.0
2015-04-22,732293,1960,17.8,4.0
2015-04-22,732294,1961,18.5,4.0
2015-04-22,732299,1983,18.466666666666665,4.0
2015-04-23,732370,115,18.775,4.0
2015-04-23,732373,125,18.5,4.0
2015-04-23,732374,126,20.5,4.0
2015-04-23,732376,128,17.4,4.0
2015-04-23,732380,163,20.4,4.0
2015-04-23,732381,180,21.950000000000003,4.5
2015-04-23,732383,182,20.7,4.0
2015-04-23,732384,187,18.75,4.0
2015-04-23,732386,191,18.266666666666666,4.0
2015-04-23,732388,305,19.95,4.0
2015-04-23,732389,319,20.166666666666668,4.0
2015-04-23,732390,330,18.5,4.0
2015-04-23,732391,331,18.727272727272727,4.0
2015-04-23,732392,360,18.853333333333335,4.0
2015-04-23,732393,380,18.13157894736842,4.0
2015-04-23,732394,381,19.855555555555554,4.111111111111111
2015-04-23,732396,428,20.2,4.25
2015-04-23,732399,481,17.5,4.0
2015-04-23,732400,482,18.95,4.0
2015-04-23,732402,484,20.183333333333334,4.166666666666667
2015-04-23,732403,486,19.885714285714283,4.0
2015-04-23,732406,512,20.266666666666666,4.166666666666667
2015-04-23,732407,513,22.619999999999997,4.6
2015-04-23,732408,560,19.900000000000002,4.0
2015-04-23,732409,561,21.666666666666668,4.333333333333333
2015-04-23,732410,562,19.744444444444444,4.0
2015-04-23,732411,563,21.114285714285717,4.428571428571429
2015-04-23,732412,580,21.625,4.333333333333333
2015-04-23,732414,582,20.228571428571428,4.285714285714286
2015-04-23,732415,583,19.291666666666668,4.0
2015-04-23,732416,584,20.7,4.0
2015-04-23,732417,586,22.22,4.6
2015-04-23,732429,686,19.95,4.0
2015-04-23,732430,687,18.575,4.0
2015-04-23,732439,821,19.942857142857143,4.142857142857143
2015-04-23,732442,860,23.66,4.8
2015-04-23,732443,861,18.516666666666666,4.0
2015-04-23,732447,882,19.536363636363635,4.090909090909091
2015-04-23,732448,883,22.30909090909091,4.545454545454546
2015-04-23,732449,884,24.06,4.9
2015-04-23,732471,1272,17.9,4.0
2015-04-23,732503,1438,19.2,4.0
2015-04-23,732511,1446,21.450000000000003,4.5
2015-04-23,732514,1460,20.422222222222224,4.111111111111111
2015-04-23,732522,1472,20.65,4.0
2015-04-23,732523,1473,19.571428571428573,4.142857142857143
2015-04-23,732535,1492,18.0125,4.0
2015-04-23,732538,1495,17.566666666666666,4.0
2015-04-23,732540,1497,18.925,4.0
2015-04-23,732543,1715,25.700000000000003,5.0
2015-04-23,732544,1730,27.936363636363637,5.545454545454546
2015-04-23,732546,1760,23.86,5.0
2015-04-23,732548,1762,20.5,4.0
2015-04-23,732549,1763,23.85,5.0
2015-04-23,732550,1764,23.82,4.8
2015-04-23,732551,1765,25.188235294117646,4.9411764705882355
2015-04-23,732552,1766,22.241666666666664,4.416666666666667
2015-04-23,732553,1780,23.915384615384614,4.923076923076923
2015-04-23,732557,1784,24.58125,4.875
2015-04-23,732559,1814,24.4,5.0
2015-04-23,732560,1860,20.400000000000002,4.166666666666667
2015-04-23,732561,1861,23.299999999999997,4.75
2015-04-23,732562,1862,21.375,4.25
2015-04-23,732563,1863,20.355555555555554,4.333333333333333
2015-04-23,732564,1864,19.8,4.0
2015-04-23,732565,1880,25.62142857142857,5.071428571428571
2015-04-23,732566,1881,25.5,5.0
2015-04-23,732567,1882,20.644444444444446,4.111111111111111
2015-04-23,732568,1883,24.95,5.0
2015-04-23,732569,1884,24.883333333333336,5.0
2015-04-23,732570,1885,24.333333333333332,4.916666666666667
2015-04-23,732571,1904,22.919999999999998,4.8
2015-04-23,732572,1907,21.133333333333333,4.0
2015-04-23,732573,1960,22.35,4.5
2015-04-23,732574,1961,22.3,5.0
2015-04-23,732575,1962,21.299999999999997,4.5
2015-04-23,732576,1980,19.844444444444445,4.111111111111111
2015-04-23,732577,1981,20.45,4.0
2015-04-23,732578,1982,21.325,4.0
2015-04-23,732579,1983,24.349999999999998,5.0
2015-04-23,732580,1984,20.8,4.0
2015-04-23,732583,2026,22.849999999999998,4.666666666666667
2015-04-23,732584,2029,24.116666666666664,4.916666666666667
2015-04-23,732588,2061,22.72222222222222,4.666666666666667
2015-04-23,732590,2080,21.7,4.368421052631579
2015-04-23,732591,2081,25.119999999999997,4.8
2015-04-23,732592,2082,24.275,5.0
2015-04-23,732593,2083,23.375,4.875
2015-04-23,732594,2084,21.116666666666667,4.333333333333333
2015-04-23,732596,2101,21.5,4.444444444444445
2015-04-23,732597,2104,22.575,4.75
2015-04-23,732601,2180,22.175,4.5625
2015-04-23,732602,2181,22.22,4.6
2015-04-23,732603,2182,22.791666666666668,4.583333333333333
2015-04-23,732604,2183,20.48,4.066666666666666
2015-04-24,732650,115,18.75,4.0
2015-04-24,732651,117,19.549999999999997,4.0
2015-04-24,732653,125,21.7,4.5
2015-04-24,732654,126,23.7,5.0
2015-04-24,732655,127,17.2,4.0
2015-04-24,732656,128,19.7,4.0
2015-04-24,732659,140,19.400000000000002,4.0
2015-04-24,732660,163,21.9,4.0
2015-04-24,732661,180,25.55,5.0
2015-04-24,732662,181,18.3,4.0
2015-04-24,732663,182,22.6,5.0
2015-04-24,732664,187,21.0,4.0
2015-04-24,732666,191,19.0,4.0
2015-04-24,732668,305,22.6,4.5
2015-04-24,732669,319,20.0,4.0
2015-04-24,732670,330,19.233333333333334,4.0
2015-04-24,732671,331,19.37272727272727,4.0
2015-04-24,732673,380,18.942105263157895,4.0
2015-04-24,732674,381,21.544444444444444,4.222222222222222
2015-04-24,732677,461,18.1,4.0
2015-04-24,732679,481,19.8,4.0
2015-04-24,732680,482,19.224999999999998,4.0
2015-04-24,732683,486,21.24285714285714,4.428571428571429
2015-04-24,732722,860,18.990000000000002,4.0
2015-04-24,732823,1715,17.4,4.0
2015-04-24,732829,1763,17.575,4.0
2015-04-24,732839,1814,18.9,4.0
2015-04-24,732845,1880,19.52857142857143,4.0
2015-04-24,732846,1881,18.7,4.0
2015-04-24,732849,1884,18.416666666666668,4.0
2015-04-24,732851,1904,19.48,4.0
2015-04-24,732852,1907,20.333333333333332,4.0
2015-04-24,732853,1960,19.95,4.0
2015-04-24,732854,1961,21.3,4.0
2015-04-24,732855,1962,19.9,4.0
2015-04-24,732856,1980,20.055555555555557,4.111111111111111
2015-04-24,732857,1981,20.35,4.0
2015-04-24,732858,1982,19.125,4.0
2015-04-24,732859,1983,20.849999999999998,4.0
2015-04-24,732863,2026,19.683333333333334,4.0
2015-04-24,732864,2029,20.075,4.0
2015-04-24,732871,2081,21.080000000000002,4.4
2015-04-24,732872,2082,20.6,4.0
2015-04-24,732873,2083,20.6875,4.0
2015-04-24,732874,2084,19.783333333333335,4.0
2015-04-24,732877,2104,21.325,4.25
2015-04-24,732881,2180,21.43125,4.375
2015-04-24,732882,2181,21.85,4.4
2015-04-29,734054,126,20.7,4.0
2015-04-29,734061,180,19.700000000000003,4.5
2015-04-30,734333,125,23.825,4.75
2015-04-30,734334,126,27.0,5.0
2015-04-30,734335,127,19.1,4.0
2015-04-30,734336,128,19.2,4.0
2015-04-30,734338,139,20.733333333333334,4.333333333333333
2015-04-30,734340,163,25.2,5.0
2015-04-30,734341,180,28.1,5.5
2015-04-30,734343,182,19.5,4.0
2015-04-30,734344,187,19.3,4.0
2015-04-30,734348,305,25.6,5.0
2015-04-30,734350,330,19.233333333333334,4.0
2015-04-30,734354,381,25.044444444444444,5.0
2015-04-30,734356,428,21.55,4.5
2015-04-30,734360,482,24.6625,5.0
2015-04-30,734361,483,23.23,4.8
2015-04-30,734362,484,24.175,4.916666666666667
2015-04-30,734363,486,28.228571428571428,5.571428571428571
2015-04-30,734370,562,21.799999999999997,4.777777777777778
2015-04-30,734403,861,20.933333333333334,4.333333333333333
2015-04-30,734407,882,21.136363636363637,4.2727272727272725
2015-04-30,734531,1904,19.18,4.0
2015-04-30,734532,1907,21.2,4.333333333333333
2015-04-30,734533,1960,24.2,5.0
2015-04-30,734534,1961,23.8,5.0
2015-04-30,734535,1962,20.549999999999997,4.0
2015-04-30,734536,1980,22.077777777777776,4.444444444444445
2015-04-30,734538,1982,19.825,4.25
2015-04-30,734539,1983,23.549999999999997,4.833333333333333
2015-04-30,734540,1984,20.75,4.0
2015-05-04,735454,126,17.7,4.0
2015-05-08,736574,126,19.3,4.0
2015-05-08,736580,163,17.2,4.0
2015-05-08,736581,180,19.3,4.0
2015-05-08,736583,182,17.5,4.0
2015-05-17,739176,1083,21.26666666666667,4.666666666666667
2015-06-06,744759,821,19.428571428571427,4.142857142857143
2015-06-06,744762,860,21.36,4.5
2015-06-06,744763,861,21.599999999999998,4.333333333333333
2015-06-06,744767,882,21.37272727272727,4.545454545454546
2015-06-06,744769,884,21.130000000000003,4.3
2015-06-06,744829,1444,22.8,4.5
2015-06-06,744830,1445,19.5,4.0
2015-06-07,744974,126,18.0,4.0
2015-06-07,744980,163,17.5,4.0
2015-06-07,744981,180,20.05,4.5
2015-06-07,744983,182,18.8,4.0
2015-06-07,744984,187,17.200000000000003,4.0
2015-06-07,744999,481,17.8,4.0
2015-06-07,745011,563,18.400000000000002,4.0
2015-06-07,745039,821,21.142857142857142,4.285714285714286
2015-06-07,745042,860,22.419999999999998,4.6
2015-06-07,745043,861,22.416666666666668,4.666666666666667
2015-06-07,745047,882,22.563636363636363,4.545454545454546
2015-06-07,745048,883,21.536363636363635,4.409090909090909
2015-06-07,745049,884,21.86,4.5
2015-06-07,745050,885,18.59333333333333,4.0
2015-06-07,745051,980,21.06086956521739,4.3478260869565215
2015-06-07,745070,1270,17.950000000000003,4.0
2015-06-07,745071,1272,19.8,4.0
2015-06-07,745105,1440,19.55,4.0
2015-06-07,745107,1442,20.2,4.5
2015-06-07,745109,1444,44.599999999999994,6.0
2015-06-07,745110,1445,34.45,6.0
2015-06-07,745116,1462,21.15,4.5
2015-06-07,745119,1466,21.933333333333334,4.333333333333333
2015-06-07,745120,1470,33.22857142857143,5.571428571428571
2015-06-07,745128,1485,20.2,4.25
2015-06-07,745130,1487,28.1125,5.25
2015-06-07,745131,1488,31.174999999999997,5.75
2015-06-07,745132,1489,21.0,4.2
2015-06-07,745137,1494,22.630000000000003,4.5
2015-06-07,745138,1495,19.5,4.0
2015-06-07,745141,1498,19.419999999999998,4.0
2015-06-07,745142,1499,21.357142857142858,4.285714285714286
2015-06-10,745811,117,18.549999999999997,4.0
2015-06-10,745814,126,19.3,4.0
2015-06-10,745816,128,18.0,4.0
2015-06-10,745820,163,17.6,4.0
2015-06-10,745821,180,20.05,4.5
2015-06-10,745823,182,21.7,4.0
2015-06-10,745824,187,19.299999999999997,4.0
2015-06-10,745839,481,21.1,4.0
2015-06-10,745845,509,18.866666666666667,4.0
2015-06-10,745846,512,19.349999999999998,4.0
2015-06-10,745847,513,18.77,4.0
2015-06-10,745848,560,19.716666666666665,4.0
2015-06-10,745851,563,18.814285714285713,4.0
2015-06-10,745857,586,19.660000000000004,4.0
2015-06-10,745858,604,19.933333333333334,4.0
2015-06-10,745860,642,19.55,4.0
2015-06-10,745861,643,21.225,4.25
2015-06-10,745865,682,18.566666666666666,4.0
2015-06-10,745867,684,19.150000000000002,4.0
2015-06-10,745869,686,19.5875,4.0
2015-06-10,745870,687,21.025,4.25
2015-06-10,745874,764,19.2125,4.0
2015-06-10,745879,821,20.314285714285713,4.142857142857143
2015-06-10,745880,834,19.175,4.0
2015-06-10,745881,840,19.6,4.1
2015-06-10,745882,860,21.630000000000003,4.3
2015-06-10,745883,861,22.766666666666666,5.0
2015-06-10,745885,880,19.645454545454545,4.0
2015-06-10,745887,882,22.38181818181818,4.545454545454546
2015-06-10,745889,884,21.31,4.3
2015-06-10,745890,885,18.926666666666666,4.0
2015-06-10,745891,980,19.73913043478261,4.0
2015-06-10,745911,1272,18.5,4.0
2015-06-10,745937,1415,18.85,4.0
2015-06-10,745945,1440,21.75,4.0
2015-06-10,745947,1442,22.15,4.5
2015-06-10,745949,1444,28.15,5.5
2015-06-10,745950,1445,29.3,6.0
2015-06-10,745956,1462,20.7,4.0
2015-06-10,745959,1466,24.366666666666664,5.0
2015-06-10,745960,1470,28.7,5.571428571428571
2015-06-10,745970,1487,21.8375,4.375
2015-06-10,745971,1488,24.825,5.0
2015-06-10,745972,1489,20.7,4.2
2015-06-10,745977,1494,20.95,4.4
2015-06-10,745978,1495,21.866666666666664,4.333333333333333
2015-06-10,745979,1496,19.599999999999998,4.0
2015-06-10,745981,1498,23.14,5.0
2015-06-10,745982,1499,24.52857142857143,4.857142857142857
2015-06-11,746094,126,17.6,4.0
2015-06-11,746103,182,20.1,4.0
2015-06-11,746217,1415,19.4,4.0
2015-06-11,746225,1440,20.950000000000003,4.0
2015-06-11,746227,1442,20.45,4.5
2015-06-11,746229,1444,25.15,5.0
2015-06-11,746230,1445,27.1,5.0
2015-06-11,746236,1462,22.049999999999997,4.5
2015-06-11,746239,1466,21.433333333333334,4.333333333333333
2015-06-11,746240,1470,24.74285714285714,5.0
2015-06-11,746248,1485,19.35,4.0
2015-06-11,746250,1487,20.6,4.25
2015-06-11,746251,1488,24.15,4.75
2015-06-11,746258,1495,18.866666666666667,4.0
2015-06-11,746261,1498,19.28,4.0
2015-06-11,746262,1499,21.24285714285714,4.285714285714286
2015-06-12,746370,115,19.15,4.0
2015-06-12,746371,117,26.825,5.25
2015-06-12,746372,120,19.85,4.0
2015-06-12,746373,125,24.55,4.75
2015-06-12,746374,126,25.6,5.0
2015-06-12,746375,127,18.0,4.0
2015-06-12,746376,128,22.0,5.0
2015-06-12,746378,139,20.166666666666668,4.0
2015-06-12,746379,140,21.46666666666667,4.333333333333333
2015-06-12,746380,163,21.9,4.0
2015-06-12,746381,180,27.8,5.5
2015-06-12,746382,181,18.84,4.0
2015-06-12,746383,182,26.6,5.0
2015-06-12,746384,187,27.700000000000003,5.5
2015-06-12,746386,191,19.366666666666667,4.0
2015-06-12,746388,305,22.450000000000003,5.0
2015-06-12,746394,381,20.211111111111112,4.333333333333333
2015-06-12,746396,428,21.05,4.5
2015-06-12,746397,461,20.425,4.0
2015-06-12,746399,481,23.6,5.0
2015-06-12,746400,482,21.825,4.375
2015-06-12,746401,483,22.16,4.6
2015-06-12,746402,484,23.608333333333334,4.833333333333333
2015-06-12,746403,486,23.271428571428572,4.857142857142857
2015-06-12,746407,513,20.18,4.1
2015-06-12,746409,561,21.033333333333335,4.166666666666667
2015-06-12,746410,562,19.522222222222222,4.0
2015-06-12,746411,563,18.87142857142857,4.142857142857143
2015-06-12,746414,582,22.742857142857144,4.571428571428571
2015-06-12,746418,604,18.033333333333335,4.0
2015-06-12,746420,642,18.45,4.0
2015-06-12,746430,687,19.15,4.0
2015-06-12,746439,821,18.685714285714287,4.0
2015-06-12,746442,860,19.27,4.0
2015-06-12,746447,882,19.11818181818182,4.0
2015-06-12,746449,884,20.2,4.0
2015-06-12,746471,1272,17.0,4.0
2015-06-12,746497,1415,22.049999999999997,4.5
2015-06-12,746501,1430,20.28,4.2
2015-06-12,746503,1438,23.32857142857143,4.714285714285714
2015-06-12,746504,1439,21.033333333333335,4.333333333333333
2015-06-12,746505,1440,22.299999999999997,4.5
2015-06-12,746507,1442,21.3,4.5
2015-06-12,746509,1444,24.25,5.0
2015-06-12,746510,1445,25.85,5.0
2015-06-12,746514,1460,21.6,4.333333333333333
2015-06-12,746516,1462,23.6,5.0
2015-06-12,746519,1466,22.8,4.333333333333333
2015-06-12,746520,1470,25.071428571428573,5.0
2015-06-12,746528,1485,20.525,4.25
2015-06-12,746530,1487,20.75,4.25
2015-06-12,746531,1488,25.075,5.0
2015-06-12,746532,1489,19.0,4.0
2015-06-12,746535,1492,19.375,4.0
2015-06-12,746537,1494,18.86,4.1
2015-06-12,746538,1495,22.233333333333334,4.666666666666667
2015-06-12,746539,1496,19.728571428571428,4.142857142857143
2015-06-12,746541,1498,21.9,4.6
2015-06-12,746542,1499,23.428571428571427,4.857142857142857
2015-06-12,746561,1861,19.75,4.0
2015-06-12,746566,1881,18.8,4.0
2015-06-12,746571,1904,19.78,4.0
2015-06-12,746572,1907,22.46666666666667,4.666666666666667
2015-06-12,746573,1960,24.35,5.0
2015-06-12,746574,1961,22.9,5.0
2015-06-12,746575,1962,18.799999999999997,4.0
2015-06-12,746576,1980,20.9,4.111111111111111
2015-06-12,746578,1982,19.6,4.0
2015-06-12,746579,1983,22.150000000000002,4.5
2015-06-12,746580,1984,18.7,4.0
2015-06-13,746651,117,21.125,4.5
2015-06-13,746653,125,19.4,4.0
2015-06-13,746654,126,21.3,4.0
2015-06-13,746655,127,18.7,4.0
2015-06-13,746656,128,19.9,4.0
2015-06-13,746659,140,20.099999999999998,4.0
2015-06-13,746660,163,20.3,4.0
2015-06-13,746661,180,21.9,4.5
2015-06-13,746663,182,20.5,4.0
2015-06-13,746664,187,21.35,4.5
2015-06-13,746668,305,17.4,4.0
2015-06-13,746676,428,18.725,4.0
2015-06-13,746677,461,20.2,4.0
2015-06-13,746678,480,20.236363636363635,4.0
2015-06-13,746679,481,25.2,5.0
2015-06-13,746680,482,21.675,4.375
2015-06-13,746681,483,22.259999999999998,4.8
2015-06-13,746683,486,19.74285714285714,4.0
2015-06-13,746686,512,22.683333333333334,4.666666666666667
2015-06-13,746687,513,23.66,5.0
2015-06-13,746688,560,22.816666666666666,4.833333333333333
2015-06-13,746689,561,23.166666666666668,5.0
2015-06-13,746690,562,21.177777777777777,4.222222222222222
2015-06-13,746691,563,21.142857142857142,4.428571428571429
2015-06-13,746692,580,21.458333333333332,4.25
2015-06-13,746693,581,21.76875,4.6875
2015-06-13,746694,582,25.17142857142857,5.142857142857143
2015-06-13,746697,586,21.56,4.2
2015-06-13,746698,604,22.46666666666667,5.0
2015-06-13,746700,642,23.9,5.0
2015-06-13,746701,643,21.900000000000002,4.5
2015-06-13,746704,680,18.664285714285715,4.071428571428571
2015-06-13,746705,682,20.22222222222222,4.0
2015-06-13,746707,684,19.5,4.0
2015-06-13,746708,685,21.684615384615384,4.384615384615385
2015-06-13,746709,686,22.2375,4.5
2015-06-13,746710,687,23.0,4.75
2015-06-13,746711,760,19.89090909090909,4.090909090909091
2015-06-13,746717,780,19.264285714285712,4.0
2015-06-13,746719,821,23.5,4.857142857142857
2015-06-13,746722,860,26.24,5.0
2015-06-13,746723,861,22.099999999999998,4.5
2015-06-13,746726,881,18.9625,4.0
2015-06-13,746727,882,22.227272727272727,4.2727272727272725
2015-06-13,746728,883,21.786363636363635,4.5
2015-06-13,746729,884,25.65,5.0
2015-06-13,746739,1231,18.8,4.0
2015-06-13,746751,1272,19.3,4.0
2015-06-13,746776,1402,17.6,4.0
2015-06-13,746777,1415,22.75,4.5
2015-06-13,746779,1421,18.4,4.2
2015-06-13,746781,1430,20.68,4.2
2015-06-13,746783,1438,21.457142857142856,4.428571428571429
2015-06-13,746784,1439,21.45,4.333333333333333
2015-06-13,746785,1440,23.65,5.0
2015-06-13,746787,1442,23.1,4.75
2015-06-13,746789,1444,27.5,5.5
2015-06-13,746790,1445,29.700000000000003,6.0
2015-06-13,746796,1462,24.799999999999997,5.0
2015-06-13,746799,1466,25.833333333333332,5.333333333333333
2015-06-13,746800,1470,29.014285714285712,5.714285714285714
2015-06-13,746801,1471,17.64,4.0
2015-06-13,746802,1472,20.1,4.0
2015-06-13,746806,1482,17.52,4.0
2015-06-13,746808,1485,21.675,4.5
2015-06-13,746810,1487,22.15,4.625
2015-06-13,746811,1488,26.975,5.25
2015-06-13,746812,1489,21.860000000000003,4.4
2015-06-13,746814,1491,19.525,4.0
2015-06-13,746817,1494,20.580000000000002,4.2
2015-06-13,746818,1495,25.166666666666668,5.0
2015-06-13,746819,1496,23.157142857142855,4.571428571428571
2015-06-13,746821,1498,24.880000000000003,5.2
2015-06-13,746822,1499,27.385714285714283,5.428571428571429
2015-06-13,746841,1861,18.325,4.0
2015-06-13,746846,1881,18.0,4.0
2015-06-13,746853,1960,19.8,4.0
2015-06-13,746854,1961,17.5,4.0
2015-06-14,747060,1427,23.0,4.666666666666667
2015-06-14,747061,1430,24.98,5.0
2015-06-14,747062,1435,25.541666666666668,5.083333333333333
2015-06-14,747063,1438,23.442857142857143,4.571428571428571
2015-06-14,747075,1461,18.966666666666665,4.0
2015-06-14,747087,1484,21.666666666666668,4.666666666666667
2015-06-14,747089,1486,22.65,4.5
2015-06-15,747341,1430,21.34,4.6
2015-06-15,747342,1435,21.349999999999998,4.583333333333333
2015-06-15,747343,1438,20.014285714285712,4.285714285714286
2015-06-15,747369,1486,20.2125,4.125
2015-06-16,747617,1415,18.8,4.0
2015-06-16,747618,1419,20.95,4.25
2015-06-16,747619,1421,20.46,4.4
2015-06-16,747620,1427,23.066666666666666,4.666666666666667
2015-06-16,747621,1430,21.52,4.6
2015-06-16,747622,1435,23.133333333333336,4.583333333333333
2015-06-16,747623,1438,20.75714285714286,4.142857142857143
2015-06-16,747624,1439,19.3,4.0
2015-06-16,747629,1444,19.75,4.0
2015-06-16,747630,1445,23.200000000000003,5.0
2015-06-16,747636,1462,19.85,4.0
2015-06-16,747640,1470,20.52857142857143,4.142857142857143
2015-06-16,747647,1484,22.53333333333333,4.666666666666667
2015-06-16,747651,1488,21.225,4.25
2015-06-16,747741,2401,20.00769230769231,4.076923076923077
2015-06-16,747750,2460,20.083333333333332,4.166666666666667
2015-06-16,747753,2480,19.191666666666666,4.0
2015-06-17,747774,126,21.6,4.0
2015-06-17,747776,128,17.7,4.0
2015-06-17,747780,163,19.6,4.0
2015-06-17,747781,180,22.35,4.5
2015-06-17,747783,182,23.1,5.0
2015-06-17,747784,187,20.45,4.0
2015-06-20,748745,1440,18.05,4.0
2015-06-21,749016,1402,20.0,4.0
2015-06-21,749017,1415,25.15,5.0
2015-06-21,749025,1440,30.05,6.0
2015-06-21,749026,1441,24.6,5.0
2015-06-21,749036,1462,28.4,5.5
2015-06-21,749046,1482,19.64,4.0
2015-06-21,749048,1485,24.6,5.0
2015-06-21,749051,1488,29.05,5.75
2015-06-22,749296,1402,20.0,4.0
2015-06-22,749305,1440,23.25,5.0
2015-06-22,749306,1441,20.5,4.0
2015-06-22,749316,1462,15.15,4.0
2015-06-24,749856,1402,17.5,4.0
2015-06-24,749858,1419,19.875,4.0
2015-06-24,749859,1421,20.7,4.2
2015-06-24,749864,1439,18.75,4.166666666666667
2015-06-24,749869,1444,26.1,5.5
2015-06-24,749870,1445,25.5,5.0
2015-06-24,749876,1462,19.95,4.0
2015-06-24,749887,1484,18.7,4.0
2015-06-24,749888,1485,28.174999999999997,5.5
2015-06-24,749890,1487,23.9875,4.75
2015-06-24,749891,1488,27.45,5.25
2015-06-25,750136,1402,20.2,4.0
2015-06-25,750137,1415,23.65,4.5
2015-06-25,750138,1419,24.275,5.0
2015-06-25,750139,1421,23.259999999999998,4.8
2015-06-25,750141,1430,19.68,4.0
2015-06-25,750144,1439,20.366666666666667,4.166666666666667
2015-06-25,750145,1440,23.65,5.0
2015-06-25,750147,1442,21.85,4.5
2015-06-25,750149,1444,28.200000000000003,5.5
2015-06-25,750150,1445,30.45,6.0
2015-06-25,750156,1462,25.65,5.0
2015-06-25,750160,1470,24.842857142857145,4.857142857142857
2015-06-25,750164,1480,18.675,4.0
2015-06-25,750166,1482,19.94,4.2
2015-06-25,750167,1484,22.733333333333334,4.666666666666667
2015-06-25,750168,1485,28.1,5.5
2015-06-25,750170,1487,24.2,4.875
2015-06-25,750171,1488,31.5,5.5
2015-06-25,750172,1489,22.3,4.4
2015-06-26,750416,1402,21.0,4.0
2015-06-26,750417,1415,23.9,5.0
2015-06-26,750419,1421,20.740000000000002,4.4
2015-06-26,750425,1440,24.35,5.0
2015-06-26,750427,1442,21.6,4.5
2015-06-26,750430,1445,20.25,4.0
2015-06-26,750436,1462,24.7,5.0
2015-06-26,750439,1466,19.933333333333334,4.0
2015-06-26,750440,1470,19.785714285714285,4.0
2015-06-26,750451,1488,22.825,4.75
2015-06-26,750452,1489,20.139999999999997,4.2
2015-06-27,750696,1402,17.6,4.0
2015-06-27,750697,1415,21.4,4.5
2015-06-27,750699,1421,19.919999999999998,4.2
2015-06-27,750705,1440,22.4,4.5
2015-06-27,750707,1442,21.775,4.5
2015-06-27,750710,1445,23.55,4.5
2015-06-27,750716,1462,22.85,5.0
2015-06-27,750719,1466,20.3,4.333333333333333
2015-06-27,750720,1470,19.814285714285713,4.142857142857143
2015-06-27,750728,1485,19.975,4.25
2015-06-27,750731,1488,24.15,5.0
2015-06-27,750732,1489,19.98,4.0
2015-06-28,750976,1402,22.7,5.0
2015-06-28,750977,1415,28.4,5.5
2015-06-28,750978,1419,22.975,4.5
2015-06-28,750979,1421,28.68,5.6
2015-06-28,750980,1427,20.866666666666667,4.333333333333333
2015-06-28,750981,1430,23.86,4.8
2015-06-28,750982,1435,19.349999999999998,4.0
2015-06-28,750984,1439,23.183333333333334,4.666666666666667
2015-06-28,750985,1440,28.05,5.5
2015-06-28,750986,1441,21.5,4.5
2015-06-28,750987,1442,23.575,4.75
2015-06-28,750989,1444,32.0,6.0
2015-06-28,750990,1445,31.450000000000003,6.0
2015-06-28,750996,1462,30.35,6.0
2015-06-28,750999,1466,20.366666666666664,4.333333333333333
2015-06-28,751000,1470,25.771428571428572,5.142857142857143
2015-06-28,751006,1482,22.240000000000002,4.6
2015-06-28,751007,1484,25.333333333333332,5.0
2015-06-28,751008,1485,32.175,6.0
2015-06-28,751010,1487,27.65,5.375
2015-06-28,751011,1488,34.125,6.0
2015-06-28,751012,1489,24.04,4.8
2015-06-28,751053,1960,18.65,4.0
2015-06-29,751264,1439,20.05,4.0
2015-06-29,751269,1444,19.25,4.0
2015-06-30,751537,1415,22.450000000000003,4.5
2015-06-30,751538,1419,21.3,4.5
2015-06-30,751539,1421,24.3,4.8
2015-06-30,751540,1427,19.133333333333333,4.0
2015-06-30,751545,1440,19.7,4.0
2015-06-30,751549,1444,19.1,4.0
2015-06-30,751550,1445,21.700000000000003,4.0
2015-06-30,751556,1462,23.9,5.0
2015-06-30,751567,1484,23.03333333333333,4.666666666666667
2015-06-30,751568,1485,21.525,4.25
2015-06-30,751571,1488,23.325,4.75
2015-07-01,751817,1415,19.3,4.0
2015-07-01,751824,1439,19.583333333333332,4.0
2015-07-01,751825,1440,19.5,4.0
2015-07-01,751829,1444,18.799999999999997,4.0
2015-07-01,751830,1445,21.0,4.0
2015-07-01,751836,1462,22.049999999999997,4.5
2015-07-01,751848,1485,21.15,4.5
2015-07-01,751850,1487,18.3125,4.0
2015-07-01,751851,1488,23.0,4.75
2015-07-01,751891,1904,19.6,4.0
2015-07-01,751893,1960,20.2,4.0
2015-07-01,751894,1961,18.1,4.0
2015-07-01,751895,1962,18.45,4.0
2015-07-01,751898,1982,19.35,4.0
2015-07-01,751899,1983,19.416666666666668,4.0
2015-07-01,751912,2082,18.075,4.0
2015-07-02,751970,115,18.725,4.0
2015-07-02,751971,117,22.525,4.75
2015-07-02,751973,125,17.875,4.0
2015-07-02,751974,126,17.5,4.0
2015-07-02,751980,163,18.4,4.0
2015-07-02,751981,180,22.549999999999997,4.5
2015-07-02,751983,182,21.6,4.0
2015-07-02,751984,187,24.3,5.0
2015-07-02,751986,191,19.833333333333332,4.0
2015-07-02,751988,305,21.05,4.5
2015-07-02,751989,319,22.133333333333336,4.666666666666667
2015-07-02,751990,330,20.3,4.0
2015-07-02,751991,331,19.79090909090909,4.0
2015-07-02,751992,360,20.0,4.0
2015-07-02,751993,380,20.400000000000002,4.105263157894737
2015-07-02,751994,381,18.91111111111111,4.111111111111111
2015-07-02,751995,382,19.966666666666665,4.0
2015-07-02,752002,484,20.7,4.25
2015-07-02,752059,1231,19.0,4.0
2015-07-02,752075,1277,17.6,4.0
2015-07-02,752095,1401,19.466666666666665,4.0
2015-07-02,752096,1402,23.3,5.0
2015-07-02,752097,1415,23.0,5.0
2015-07-02,752098,1419,20.625,4.25
2015-07-02,752099,1421,21.919999999999998,4.8
2015-07-02,752101,1430,20.759999999999998,4.0
2015-07-02,752102,1435,19.158333333333335,4.0
2015-07-02,752103,1438,19.900000000000002,4.142857142857143
2015-07-02,752104,1439,21.05,4.166666666666667
2015-07-02,752105,1440,24.25,5.0
2015-07-02,752106,1441,21.7,4.5
2015-07-02,752107,1442,23.575,4.75
2015-07-02,752108,1443,20.4,4.0
2015-07-02,752109,1444,23.7,5.0
2015-07-02,752110,1445,26.4,5.0
2015-07-02,752116,1462,24.35,5.0
2015-07-02,752119,1466,22.133333333333336,4.333333333333333
2015-07-02,752120,1470,21.842857142857145,4.428571428571429
2015-07-02,752124,1480,20.025,4.0
2015-07-02,752125,1481,20.799999999999997,4.5
2015-07-02,752126,1482,21.22,4.4
2015-07-02,752127,1484,18.266666666666666,4.0
2015-07-02,752128,1485,23.0,4.75
2015-07-02,752130,1487,22.0625,4.375
2015-07-02,752131,1488,27.475,5.5
2015-07-02,752132,1489,23.080000000000002,4.8
2015-07-02,752133,1490,18.677777777777777,4.0
2015-07-02,752164,1864,18.04,4.0
2015-07-02,752169,1884,18.783333333333335,4.0
2015-07-02,752170,1885,21.316666666666666,4.5
2015-07-02,752171,1904,24.580000000000002,4.8
2015-07-02,752172,1907,23.833333333333332,5.0
2015-07-02,752173,1960,25.1,5.0
2015-07-02,752174,1961,23.9,5.0
2015-07-02,752175,1962,25.450000000000003,5.0
2015-07-02,752176,1980,20.37777777777778,4.222222222222222
2015-07-02,752177,1981,20.57,4.2
2015-07-02,752178,1982,25.0,5.0
2015-07-02,752179,1983,23.849999999999998,5.0
2015-07-02,752180,1984,16.7,4.0
2015-07-02,752181,2021,19.414285714285715,4.0
2015-07-02,752183,2026,22.233333333333334,4.666666666666667
2015-07-02,752184,2029,23.3,4.916666666666667
2015-07-02,752185,2031,22.735294117647058,4.588235294117647
2015-07-02,752186,2034,21.825,4.375
2015-07-02,752188,2061,23.355555555555554,4.777777777777778
2015-07-02,752189,2062,21.662499999999998,4.416666666666667
2015-07-02,752190,2080,23.342105263157894,4.7894736842105265
2015-07-02,752191,2081,24.0,5.0
2015-07-02,752192,2082,24.35,5.0
2015-07-02,752193,2083,23.6125,5.0
2015-07-02,752194,2084,23.733333333333334,5.0
2015-07-02,752196,2101,25.200000000000003,5.0
2015-07-02,752197,2104,22.275,4.5
2015-07-02,752198,2121,24.029411764705884,5.0
2015-07-02,752200,2161,23.52127659574468,4.8936170212765955
2015-07-02,752201,2180,22.43125,4.5
2015-07-02,752202,2181,22.4,4.7
2015-07-02,752203,2182,19.266666666666666,4.25
2015-07-02,752204,2183,23.226666666666667,4.733333333333333
2015-07-02,752206,2260,22.892307692307693,4.615384615384615
2015-07-02,752211,2283,19.65681818181818,4.0227272727272725
2015-07-03,752250,115,24.55,5.0
2015-07-03,752251,117,31.725,5.75
2015-07-03,752252,120,23.825,4.75
2015-07-03,752253,125,24.425,5.0
2015-07-03,752254,126,28.3,6.0
2015-07-03,752255,127,19.4,4.0
2015-07-03,752256,128,23.5,5.0
2015-07-03,752257,136,19.2,4.0
2015-07-03,752258,139,18.733333333333334,4.333333333333333
2015-07-03,752259,140,20.233333333333334,4.333333333333333
2015-07-03,752260,163,25.8,5.0
2015-07-03,752261,180,33.35,6.0
2015-07-03,752262,181,18.48,4.0
2015-07-03,752263,182,32.3,6.0
2015-07-03,752264,187,33.95,6.0
2015-07-03,752265,188,26.914285714285718,5.238095238095238
2015-07-03,752266,191,24.099999999999998,5.0
2015-07-03,752268,305,24.8,5.0
2015-07-03,752269,319,30.900000000000002,5.666666666666667
2015-07-03,752270,330,25.133333333333336,5.0
2015-07-03,752271,331,25.08181818181818,5.0
2015-07-03,752272,360,27.040000000000003,5.266666666666667
2015-07-03,752273,380,25.957894736842103,5.105263157894737
2015-07-03,752274,381,22.91111111111111,4.666666666666667
2015-07-03,752275,382,28.793333333333333,5.8
2015-07-03,752276,428,20.625,4.5
2015-07-03,752279,481,19.1,4.0
2015-07-03,752280,482,21.225,4.125
2015-07-03,752281,483,22.07,4.4
2015-07-03,752282,484,25.366666666666664,5.083333333333333
2015-07-03,752283,486,24.757142857142856,5.0
2015-07-03,752286,512,19.283333333333335,4.0
2015-07-03,752287,513,18.77,4.0
2015-07-03,752289,561,18.900000000000002,4.0
2015-07-03,752290,562,19.966666666666665,4.111111111111111
2015-07-03,752294,582,19.785714285714285,4.142857142857143
2015-07-03,752298,604,19.066666666666666,4.0
2015-07-03,752299,617,17.525,4.0
2015-07-03,752300,642,21.45,4.0
2015-07-03,752301,643,21.95,4.75
2015-07-03,752303,665,18.5875,4.0
2015-07-03,752307,684,17.666666666666668,4.0
2015-07-03,752308,685,19.607692307692307,4.0
2015-07-03,752309,686,19.2875,4.0
2015-07-03,752310,687,19.0,4.0
2015-07-03,752311,760,19.072727272727274,4.0
2015-07-03,752312,761,18.05,4.0
2015-07-03,752314,764,18.475,4.0
2015-07-03,752317,780,18.985714285714288,4.0
2015-07-03,752319,821,20.514285714285712,4.0
2015-07-03,752322,860,21.07,4.0
2015-07-03,752323,861,20.7,4.166666666666667
2015-07-03,752324,862,17.742857142857144,4.0
2015-07-03,752326,881,18.8,4.0
2015-07-03,752327,882,20.20909090909091,4.0
2015-07-03,752329,884,19.91,4.0
2015-07-03,752375,1401,21.96666666666667,4.666666666666667
2015-07-03,752376,1402,24.7,5.0
2015-07-03,752377,1415,23.4,5.0
2015-07-03,752378,1419,17.425,4.0
2015-07-03,752379,1421,20.18,4.2
2015-07-03,752381,1430,20.759999999999998,4.2
2015-07-03,752383,1438,22.228571428571428,4.571428571428571
2015-07-03,752384,1439,23.05,4.833333333333333
2015-07-03,752385,1440,27.25,5.5
2015-07-03,752386,1441,24.75,5.0
2015-07-03,752387,1442,26.75,5.25
2015-07-03,752388,1443,22.9,5.0
2015-07-03,752389,1444,27.55,5.5
2015-07-03,752390,1445,30.1,6.0
2015-07-03,752393,1452,19.8125,4.0
2015-07-03,752394,1460,20.355555555555554,4.222222222222222
2015-07-03,752395,1461,18.816666666666666,4.0
2015-07-03,752396,1462,26.65,5.0
2015-07-03,752397,1463,20.457142857142856,4.0
2015-07-03,752398,1465,18.288888888888888,4.0
2015-07-03,752399,1466,26.5,5.0
2015-07-03,752400,1470,26.099999999999998,5.142857142857143
2015-07-03,752401,1471,19.0,4.0
2015-07-03,752402,1472,19.05,4.0
2015-07-03,752405,1481,21.3,4.5
2015-07-03,752406,1482,20.580000000000002,4.2
2015-07-03,752408,1485,24.875,5.0
2015-07-03,752410,1487,25.25,5.0
2015-07-03,752411,1488,31.525,6.0
2015-07-03,752412,1489,25.919999999999998,5.2
2015-07-03,752413,1490,21.433333333333334,4.222222222222222
2015-07-03,752414,1491,21.4375,4.375
2015-07-03,752417,1494,20.84,4.4
2015-07-03,752418,1495,22.0,4.666666666666667
2015-07-03,752419,1496,20.314285714285713,4.0
2015-07-03,752421,1498,22.04,4.6
2015-07-03,752422,1499,24.02857142857143,5.0
2015-07-03,752426,1760,19.34,4.0
2015-07-03,752431,1765,18.31764705882353,4.0
2015-07-03,752439,1814,18.75,4.0
2015-07-03,752441,1861,19.925,4.0
2015-07-03,752442,1862,17.8,4.0
2015-07-03,752443,1863,19.41111111111111,4.0
2015-07-03,752444,1864,20.240000000000002,4.0
2015-07-03,752445,1880,22.74285714285714,4.642857142857143
2015-07-03,752446,1881,19.6,4.0
2015-07-03,752448,1883,20.25,4.0
2015-07-03,752449,1884,21.033333333333335,4.166666666666667
2015-07-03,752450,1885,23.8,4.833333333333333
2015-07-03,752451,1904,27.2,5.4
2015-07-03,752452,1907,27.133333333333336,5.0
2015-07-03,752453,1960,28.8,5.5
2015-07-03,752454,1961,26.7,5.0
2015-07-03,752455,1962,29.85,6.0
2015-07-03,752456,1980,24.266666666666666,5.0
2015-07-03,752457,1981,25.080000000000002,5.1
2015-07-03,752458,1982,28.5,5.5
2015-07-03,752459,1983,27.116666666666664,5.166666666666667
2015-07-03,752460,1984,20.45,4.0
2015-07-03,752461,2021,20.95,4.357142857142857
2015-07-03,752462,2023,20.35675675675676,4.216216216216216
2015-07-03,752463,2026,24.866666666666664,5.0
2015-07-03,752464,2029,26.25,5.166666666666667
2015-07-03,752465,2031,27.458823529411767,5.294117647058823
2015-07-03,752466,2034,25.6875,5.0625
2015-07-03,752468,2061,26.477777777777778,5.222222222222222
2015-07-03,752469,2062,24.270833333333332,4.958333333333333
2015-07-03,752470,2080,28.321052631578947,5.631578947368421
2015-07-03,752471,2081,27.919999999999998,5.4
2015-07-03,752472,2082,28.725,6.0
2015-07-03,752473,2083,28.65,5.875
2015-07-03,752474,2084,28.933333333333334,5.5
2015-07-03,752475,2085,21.113333333333333,4.333333333333333
2015-07-03,752476,2101,32.47777777777778,6.0
2015-07-03,752477,2104,28.25,5.5
2015-07-03,752478,2121,29.72941176470588,5.9411764705882355
2015-07-03,752479,2132,31.150000000000002,5.857142857142857
2015-07-03,752480,2161,30.30212765957447,5.787234042553192
2015-07-03,752481,2180,30.1875,5.6875
2015-07-03,752482,2181,28.82,5.7
2015-07-03,752483,2182,31.266666666666666,5.666666666666667
2015-07-03,752484,2183,31.186666666666667,6.0
2015-07-03,752485,2184,32.07083333333333,5.875
2015-07-03,752486,2260,30.81923076923077,5.923076923076923
2015-07-03,752487,2262,25.8,5.142857142857143
2015-07-03,752488,2280,24.241666666666664,4.833333333333333
2015-07-03,752489,2281,29.716666666666665,5.666666666666667
2015-07-03,752490,2282,20.36,4.35
2015-07-03,752491,2283,26.161363636363635,5.2272727272727275
2015-07-03,752493,2303,22.863636363636363,4.545454545454546
2015-07-03,752494,2305,26.067741935483873,5.193548387096774
2015-07-03,752499,2361,20.203125,4.166666666666667
2015-07-04,752560,482,18.2875,4.0
2015-07-04,752561,483,18.669999999999998,4.0
2015-07-04,752599,821,18.8,4.0
2015-07-04,752602,860,18.29,4.0
2015-07-04,752606,881,18.3375,4.0
2015-07-04,752656,1402,18.0,4.0
2015-07-04,752665,1440,18.65,4.0
2015-07-04,752667,1442,20.125,4.0
2015-07-04,752669,1444,19.6,4.0
2015-07-04,752670,1445,20.65,4.0
2015-07-04,752676,1462,18.549999999999997,4.0
2015-07-04,752679,1466,20.466666666666665,4.0
2015-07-04,752680,1470,18.685714285714287,4.0
2015-07-04,752691,1488,21.475,4.5
2015-07-04,752692,1489,18.46,4.0
2015-07-04,752702,1499,18.571428571428573,4.0
2015-07-04,752719,1814,17.875,4.0
2015-07-04,752721,1861,18.275,4.0
2015-07-04,752726,1881,18.1,4.0
2015-07-04,752733,1960,19.6,4.0
2015-07-04,752759,2132,22.228571428571428,4.714285714285714
2015-07-04,752760,2161,20.940425531914894,4.361702127659575
2015-07-04,752765,2184,19.5125,4.041666666666667
2015-07-04,752766,2260,23.56153846153846,4.923076923076923
2015-07-04,752767,2262,25.37142857142857,5.142857142857143
2015-07-04,752768,2280,24.349999999999998,4.916666666666667
2015-07-04,752769,2281,26.220000000000002,5.2
2015-07-04,752770,2282,23.465,4.7
2015-07-04,752771,2283,21.865909090909092,4.431818181818182
2015-07-04,752773,2303,20.413636363636364,4.2272727272727275
2015-07-04,752774,2305,21.57741935483871,4.387096774193548
2015-07-05,752813,125,21.4,4.5
2015-07-05,752814,126,21.8,4.0
2015-07-05,752816,128,20.6,4.0
2015-07-05,752819,140,19.766666666666666,4.0
2015-07-05,752820,163,20.8,4.0
2015-07-05,752821,180,24.799999999999997,5.0
2015-07-05,752823,182,19.1,4.0
2015-07-05,752824,187,20.9,4.0
2015-07-05,752840,482,18.7875,4.0
2015-07-05,752843,486,21.885714285714283,4.428571428571429
2015-07-05,752879,821,19.271428571428572,4.0
2015-07-05,752883,861,18.983333333333334,4.166666666666667
2015-07-05,752990,1764,17.56,4.0
2015-07-06,753172,1060,22.666666666666668,5.0
2015-07-06,753189,1267,19.7,4.0
2015-07-06,753193,1275,18.9,4.0
2015-07-07,753406,512,19.316666666666666,4.0
2015-07-07,753407,513,20.93,4.3
2015-07-07,753442,860,22.44,4.7
2015-07-07,753443,861,18.716666666666665,4.0
2015-07-07,753449,884,23.75,4.9
2015-07-16,755975,1082,20.0,4.166666666666667
2015-07-16,755976,1083,21.733333333333334,4.333333333333333
2015-07-16,755991,1272,19.4,4.0
2015-07-18,756589,1444,18.299999999999997,4.0
2015-07-18,756610,1487,19.5625,4.0
2015-08-04,761299,1231,18.4,4.0
2015-08-04,761300,1233,17.633333333333336,4.0
2015-08-04,761315,1277,17.9,4.0
2015-08-14,764060,642,17.700000000000003,4.0
2015-08-14,764061,643,17.8,4.0
2015-08-14,764067,684,19.25,4.0
2015-08-14,764068,685,19.915384615384614,4.0
2015-08-14,764071,760,21.30909090909091,4.090909090909091
2015-08-14,764072,761,24.1,4.75
2015-08-14,764073,763,23.96,4.8
2015-08-14,764074,764,20.4875,4.0
2015-08-14,764077,780,23.00714285714286,4.714285714285714
2015-08-14,764079,821,20.285714285714285,4.142857142857143
2015-08-14,764082,860,19.72,4.0
2015-08-14,764084,862,23.314285714285717,5.0
2015-08-14,764086,881,21.9375,4.5
2015-08-14,764094,1081,23.7125,4.875
2015-08-14,764095,1082,20.166666666666668,4.166666666666667
2015-08-14,764100,1233,18.333333333333332,4.0
2015-08-14,764135,1401,18.3,4.0
2015-08-14,764136,1402,20.9,4.0
2015-08-14,764137,1415,19.75,4.0
2015-08-14,764145,1440,18.6,4.0
2015-08-14,764146,1441,18.55,4.0
2015-08-14,764147,1442,18.75,4.0
2015-08-14,764148,1443,19.5,4.0
2015-08-14,764149,1444,19.1,4.0
2015-08-14,764150,1445,18.75,4.0
2015-08-14,764156,1462,18.15,4.0
2015-08-14,764160,1470,19.542857142857144,4.142857142857143
2015-08-14,764165,1481,19.15,4.0
2015-08-14,764168,1485,18.625,4.0
2015-08-14,764171,1488,19.75,4.0
2015-08-14,764174,1491,17.625,4.0
2015-08-14,764181,1498,17.5,4.0
2015-08-14,764182,1499,18.52857142857143,4.0
2015-08-15,764300,163,17.7,4.0
2015-08-15,764301,180,18.450000000000003,4.0
2015-08-15,764325,509,20.25,4.166666666666667
2015-08-15,764326,512,19.633333333333333,4.0
2015-08-15,764327,513,18.06,4.0
2015-08-15,764328,560,19.400000000000002,4.0
2015-08-15,764337,586,18.6,4.0
2015-08-15,764338,604,20.833333333333332,4.0
2015-08-15,764339,617,20.25,4.0
2015-08-15,764340,642,21.5,4.5
2015-08-15,764341,643,22.15,4.5
2015-08-15,764342,662,21.03,4.2
2015-08-15,764343,665,21.45,4.375
2015-08-15,764344,680,21.228571428571428,4.428571428571429
2015-08-15,764345,682,20.37777777777778,4.0
2015-08-15,764346,683,23.254545454545454,4.7272727272727275
2015-08-15,764347,684,22.883333333333336,4.666666666666667
2015-08-15,764348,685,21.569230769230767,4.230769230769231
2015-08-15,764349,686,20.0875,4.0
2015-08-15,764350,687,21.225,4.25
2015-08-15,764351,760,21.3,4.090909090909091
2015-08-15,764352,761,24.049999999999997,4.75
2015-08-15,764353,763,26.410000000000004,5.2
2015-08-15,764354,764,23.9375,5.0
2015-08-15,764355,765,23.099999999999998,4.714285714285714
2015-08-15,764357,780,24.735714285714288,5.0
2015-08-15,764358,781,20.72941176470588,4.294117647058823
2015-08-15,764359,821,20.642857142857142,4.142857142857143
2015-08-15,764362,860,20.44,4.0
2015-08-15,764364,862,22.74285714285714,4.571428571428571
2015-08-15,764366,881,21.775,4.25
2015-08-15,764369,884,18.81,4.0
2015-08-15,764371,980,20.44782608695652,4.326086956521739
2015-08-15,764372,1060,25.96666666666667,5.0
2015-08-15,764374,1081,26.275,5.125
2015-08-15,764375,1082,27.633333333333336,5.5
2015-08-15,764376,1083,20.400000000000002,4.333333333333333
2015-08-15,764381,1256,19.94,4.2
2015-08-15,764382,1257,17.75,4.0
2015-08-15,764391,1272,22.1,5.0
2015-08-15,764392,1273,21.7,4.4
2015-08-15,764395,1277,19.9,4.0
2015-08-15,764396,1278,20.65,4.0
2015-08-15,764407,1292,18.666666666666668,4.0
2015-08-15,764409,1315,20.3,4.25
2015-08-15,764411,1381,18.8375,4.0
2015-08-15,764412,1382,19.5,4.0
2015-08-15,764428,1443,17.0,4.0
2015-08-15,764429,1444,20.55,4.5
2015-08-15,764430,1445,18.049999999999997,4.0
2015-08-15,764433,1452,20.65,4.0
2015-08-15,764438,1465,21.355555555555554,4.0
2015-08-15,764439,1466,20.266666666666666,4.0
2015-08-15,764440,1470,22.514285714285712,4.428571428571429
2015-08-15,764441,1471,22.64,4.8
2015-08-15,764442,1472,19.55,4.0
2015-08-15,764443,1473,20.985714285714288,4.285714285714286
2015-08-15,764449,1486,19.7,4.0
2015-08-15,764453,1490,19.711111111111112,4.0
2015-08-15,764454,1491,20.15,4.125
2015-08-15,764456,1493,20.158333333333335,4.166666666666667
2015-08-15,764457,1494,22.79,4.5
2015-08-15,764458,1495,21.733333333333334,4.666666666666667
2015-08-15,764459,1496,21.32857142857143,4.142857142857143
2015-08-15,764460,1497,19.6,4.0
2015-08-15,764461,1498,21.06,4.0
2015-08-15,764462,1499,21.685714285714287,4.285714285714286
2015-08-15,764470,1764,17.72,4.0
2015-08-15,764479,1814,19.8,4.0
2015-08-15,764480,1860,18.933333333333334,4.0
2015-08-15,764482,1862,20.05,4.0
2015-08-15,764486,1881,20.2,4.0
2015-08-16,764570,115,20.05,4.0
2015-08-16,764573,125,19.85,4.0
2015-08-16,764574,126,20.1,4.0
2015-08-16,764576,128,18.3,4.0
2015-08-16,764578,139,19.0,4.0
2015-08-16,764579,140,17.96666666666667,4.0
2015-08-16,764580,163,21.8,4.0
2015-08-16,764581,180,22.7,4.5
2015-08-16,764583,182,20.2,4.0
2015-08-16,764584,187,19.299999999999997,4.0
2015-08-16,764586,191,20.2,4.0
2015-08-16,764588,305,19.200000000000003,4.0
2015-08-16,764590,330,19.8,4.0
2015-08-16,764593,380,19.50526315789474,4.0
2015-08-16,764605,509,20.116666666666667,4.333333333333333
2015-08-16,764606,512,19.416666666666668,4.0
2015-08-16,764608,560,19.033333333333335,4.0
2015-08-16,764617,586,18.28,4.0
2015-08-16,764618,604,19.900000000000002,4.0
2015-08-16,764619,617,18.9,4.0
2015-08-16,764620,642,17.950000000000003,4.0
2015-08-16,764621,643,19.925,4.25
2015-08-16,764623,665,19.0375,4.0
2015-08-16,764624,680,19.099999999999998,4.071428571428571
2015-08-16,764625,682,18.944444444444443,4.0
2015-08-16,764626,683,21.745454545454546,4.454545454545454
2015-08-16,764627,684,21.75,4.5
2015-08-16,764628,685,21.36923076923077,4.3076923076923075
2015-08-16,764629,686,19.675,4.0
2015-08-16,764630,687,20.675,4.0
2015-08-16,764631,760,22.88181818181818,4.7272727272727275
2015-08-16,764632,761,25.3,5.0
2015-08-16,764633,763,27.660000000000004,5.5
2015-08-16,764634,764,22.4125,4.5
2015-08-16,764635,765,19.900000000000002,4.285714285714286
2015-08-16,764637,780,24.692857142857143,5.0
2015-08-16,764639,821,22.885714285714283,4.857142857142857
2015-08-16,764640,834,21.325,4.5
2015-08-16,764642,860,21.65,4.4
2015-08-16,764643,861,20.766666666666666,4.166666666666667
2015-08-16,764644,862,24.714285714285715,5.0
2015-08-16,764645,880,21.490909090909092,4.454545454545454
2015-08-16,764646,881,24.45,5.0
2015-08-16,764651,980,23.184782608695652,4.717391304347826
2015-08-16,764652,1060,26.066666666666666,5.333333333333333
2015-08-16,764653,1080,21.845454545454547,4.454545454545454
2015-08-16,764654,1081,29.625,5.625
2015-08-16,764655,1082,29.766666666666666,5.5
2015-08-16,764656,1083,22.333333333333332,4.666666666666667
2015-08-16,764661,1256,20.28,4.2
2015-08-16,764671,1272,25.4,5.0
2015-08-16,764672,1273,19.96,4.0
2015-08-16,764722,1472,18.450000000000003,4.0
2015-08-16,764740,1497,18.625,4.0
2015-08-16,764741,1498,18.16,4.0
2015-08-17,764850,115,18.725,4.0
2015-08-17,764853,125,21.925,4.5
2015-08-17,764854,126,20.8,4.0
2015-08-17,764855,127,17.1,4.0
2015-08-17,764856,128,19.8,4.0
2015-08-17,764858,139,20.833333333333332,4.0
2015-08-17,764859,140,20.233333333333334,4.0
2015-08-17,764860,163,20.7,4.0
2015-08-17,764861,180,22.9,4.5
2015-08-17,764862,181,19.1,4.0
2015-08-17,764863,182,20.5,4.0
2015-08-17,764864,187,18.95,4.0
2015-08-17,764866,191,20.400000000000002,4.0
2015-08-17,764868,305,19.5,4.0
2015-08-17,764870,330,19.966666666666665,4.0
2015-08-17,764873,380,19.66842105263158,4.052631578947368
2015-08-17,764877,461,18.175,4.0
2015-08-17,764879,481,18.2,4.0
2015-08-17,764883,486,20.271428571428572,4.142857142857143
2015-08-17,764884,488,17.9,4.0
2015-08-17,764898,604,18.733333333333334,4.0
2015-08-17,764899,617,22.125,4.5
2015-08-17,764900,642,20.4,4.0
2015-08-17,764901,643,20.95,4.0
2015-08-17,764902,662,21.8,4.2
2015-08-17,764903,665,22.5875,4.625
2015-08-17,764904,680,19.914285714285715,4.0
2015-08-17,764905,682,19.733333333333334,4.0
2015-08-17,764906,683,24.9,5.0
2015-08-17,764907,684,22.333333333333332,4.5
2015-08-17,764908,685,19.253846153846155,4.0
2015-08-17,764910,687,18.725,4.0
2015-08-17,764911,760,19.599999999999998,4.0
2015-08-17,764912,761,24.275,4.75
2015-08-17,764913,763,31.580000000000002,6.0
2015-08-17,764914,764,26.0625,5.125
2015-08-17,764915,765,25.685714285714287,5.142857142857143
2015-08-17,764917,780,24.849999999999998,4.928571428571429
2015-08-17,764918,781,22.041176470588233,4.529411764705882
2015-08-17,764919,821,20.414285714285715,4.0
2015-08-17,764920,834,24.1,4.75
2015-08-17,764922,860,19.619999999999997,4.0
2015-08-17,764923,861,20.8,4.0
2015-08-17,764924,862,24.900000000000002,5.0
2015-08-17,764925,880,21.981818181818184,4.545454545454546
2015-08-17,764926,881,22.5125,4.75
2015-08-17,764931,980,25.669565217391302,5.086956521739131
2015-08-17,764932,1060,30.53333333333333,6.0
2015-08-17,764933,1080,25.163636363636364,4.909090909090909
2015-08-17,764934,1081,34.5625,5.875
2015-08-17,764935,1082,35.199999999999996,6.0
2015-08-17,764936,1083,28.7,5.666666666666667
2015-08-17,764937,1214,27.833333333333332,5.333333333333333
2015-08-17,764938,1230,26.7,5.0
2015-08-17,764939,1231,29.4,6.0
2015-08-17,764940,1233,35.699999999999996,6.0
2015-08-17,764941,1256,25.54,5.0
2015-08-17,764942,1257,19.85,4.0
2015-08-17,764943,1260,27.0,5.5
2015-08-17,764944,1261,26.55,5.5
2015-08-17,764945,1263,24.9,5.0
2015-08-17,764946,1264,18.75,4.0
2015-08-17,764947,1265,21.259999999999998,4.4
2015-08-17,764948,1266,22.599999999999998,4.666666666666667
2015-08-17,764949,1267,25.2,5.0
2015-08-17,764950,1270,18.95,4.0
2015-08-17,764951,1272,31.4,6.0
2015-08-17,764952,1273,25.160000000000004,5.0
2015-08-17,764953,1275,24.0,5.0
2015-08-17,764954,1276,23.7,4.75
2015-08-17,764955,1277,30.0,6.0
2015-08-17,764956,1278,19.85,4.0
2015-08-17,764957,1280,31.566666666666666,6.0
2015-08-17,764958,1281,25.975,5.25
2015-08-17,764959,1282,22.2,4.666666666666667
2015-08-17,764960,1283,25.8,5.0
2015-08-17,764961,1284,23.7,4.8
2015-08-17,764962,1285,26.9,5.0
2015-08-17,764964,1287,26.04,5.2
2015-08-17,764965,1290,24.200000000000003,4.923076923076923
2015-08-17,764967,1292,20.266666666666666,4.333333333333333
2015-08-17,764968,1293,21.891666666666666,4.583333333333333
2015-08-17,764969,1315,19.3875,4.0
2015-08-17,764989,1444,18.85,4.0
2015-08-17,764993,1452,20.2625,4.0
2015-08-17,764998,1465,19.42222222222222,4.0
2015-08-17,764999,1466,19.333333333333332,4.0
2015-08-17,765000,1470,19.62857142857143,4.142857142857143
2015-08-17,765009,1486,18.8375,4.0
2015-08-17,765014,1491,19.5125,4.0
2015-08-17,765021,1498,18.119999999999997,4.0
2015-08-17,765022,1499,19.142857142857142,4.0
2015-08-17,765052,1907,17.266666666666666,4.0
2015-08-17,765053,1960,17.6,4.0
2015-08-17,765054,1961,18.5,4.0
2015-08-17,765110,2460,17.883333333333336,4.0
2015-08-18,765134,126,17.7,4.0
2015-08-18,765140,163,17.8,4.0
2015-08-18,765141,180,19.75,4.0
2015-08-18,765143,182,17.3,4.0
2015-08-18,765149,319,18.633333333333333,4.0
2015-08-18,765152,360,19.253333333333334,4.0
2015-08-18,765165,509,19.98333333333333,4.333333333333333
2015-08-18,765166,512,18.516666666666666,4.0
2015-08-18,765178,604,20.233333333333334,4.0
2015-08-18,765179,617,24.2,5.0
2015-08-18,765180,642,22.45,5.0
2015-08-18,765181,643,23.025,5.0
2015-08-18,765182,662,23.53,4.9
2015-08-18,765183,665,23.575,5.0
2015-08-18,765184,680,23.0,4.642857142857143
2015-08-18,765185,682,21.200000000000003,4.111111111111111
2015-08-18,765186,683,26.41818181818182,5.090909090909091
2015-08-18,765187,684,23.266666666666666,4.833333333333333
2015-08-18,765188,685,21.184615384615384,4.230769230769231
2015-08-18,765189,686,19.925,4.125
2015-08-18,765190,687,19.575,4.25
2015-08-18,765191,760,20.48181818181818,4.090909090909091
2015-08-18,765192,761,24.2,4.75
2015-08-18,765193,763,28.26,5.6
2015-08-18,765194,764,26.175,5.0
2015-08-18,765195,765,25.52857142857143,4.857142857142857
2015-08-18,765197,780,25.535714285714285,5.0
2015-08-18,765198,781,24.358823529411765,4.647058823529412
2015-08-18,765199,821,20.75714285714286,4.0
2015-08-18,765200,834,22.425,4.75
2015-08-18,765202,860,20.630000000000003,4.0
2015-08-18,765203,861,19.983333333333334,4.0
2015-08-18,765204,862,23.62857142857143,4.857142857142857
2015-08-18,765205,880,21.272727272727273,4.363636363636363
2015-08-18,765206,881,22.25,4.625
2015-08-18,765209,884,18.82,4.0
2015-08-18,765211,980,21.858695652173914,4.478260869565218
2015-08-18,765212,1060,26.166666666666668,5.0
2015-08-18,765213,1080,22.900000000000002,4.636363636363637
2015-08-18,765214,1081,28.5,5.5
2015-08-18,765215,1082,31.03333333333333,5.833333333333333
2015-08-18,765216,1083,26.8,5.333333333333333
2015-08-18,765217,1214,20.966666666666665,4.0
2015-08-18,765218,1230,21.3,4.0
2015-08-18,765219,1231,23.5,5.0
2015-08-18,765220,1233,28.2,5.666666666666667
2015-08-18,765221,1256,22.66,4.8
2015-08-18,765222,1257,19.799999999999997,4.0
2015-08-18,765223,1260,22.200000000000003,4.5
2015-08-18,765224,1261,22.0,4.5
2015-08-18,765225,1263,20.15,4.0
2015-08-18,765229,1267,18.5,4.0
2015-08-18,765231,1272,28.3,6.0
2015-08-18,765232,1273,22.979999999999997,4.6
2015-08-18,765233,1275,19.6,4.0
2015-08-18,765234,1276,19.725,4.0
2015-08-18,765235,1277,24.9,5.0
2015-08-18,765236,1278,21.8,4.5
2015-08-18,765237,1280,24.46666666666667,5.0
2015-08-18,765238,1281,20.675,4.25
2015-08-18,765239,1282,20.099999999999998,4.333333333333333
2015-08-18,765240,1283,22.85,4.5
2015-08-18,765241,1284,24.0,4.8
2015-08-18,765242,1285,20.8,4.0
2015-08-18,765244,1287,21.56,4.4
2015-08-18,765245,1290,21.838461538461537,4.461538461538462
2015-08-18,765247,1292,20.46666666666667,4.333333333333333
2015-08-18,765248,1293,19.46666666666667,4.0
2015-08-18,765249,1315,21.575,4.25
2015-08-18,765267,1442,18.875,4.0
2015-08-18,765268,1443,19.1,4.0
2015-08-18,765269,1444,21.35,4.5
2015-08-18,765270,1445,20.1,4.0
2015-08-18,765273,1452,21.975,4.25
2015-08-18,765277,1463,19.085714285714285,4.0
2015-08-18,765278,1465,20.933333333333334,4.111111111111111
2015-08-18,765279,1466,19.8,4.0
2015-08-18,765280,1470,22.114285714285717,4.285714285714286
2015-08-18,765281,1471,20.119999999999997,4.0
2015-08-18,765282,1472,17.9,4.0
2015-08-18,765283,1473,18.885714285714283,4.0
2015-08-18,765285,1481,17.950000000000003,4.0
2015-08-18,765293,1490,18.922222222222224,4.0
2015-08-18,765294,1491,21.2375,4.375
2015-08-18,765297,1494,20.82,4.1
2015-08-18,765298,1495,19.466666666666665,4.0
2015-08-18,765299,1496,18.228571428571428,4.0
2015-08-18,765300,1497,19.25,4.25
2015-08-18,765301,1498,19.44,4.0
2015-08-18,765302,1499,20.142857142857142,4.0
2015-08-18,765310,1764,18.1,4.0
2015-08-18,765326,1881,17.7,4.0
2015-08-18,765334,1961,17.5,4.0
2015-08-18,765382,2403,21.46,4.2
2015-08-18,765383,2404,22.233333333333334,4.583333333333333
2015-08-18,765384,2409,20.958333333333332,4.5
2015-08-18,765390,2460,22.083333333333332,4.5
2015-08-18,765394,2481,20.65531914893617,4.127659574468085
2015-08-19,765410,115,18.925,4.0
2015-08-19,765413,125,19.7,4.0
2015-08-19,765414,126,18.3,4.0
2015-08-19,765416,128,19.0,4.0
2015-08-19,765418,139,20.03333333333333,4.0
2015-08-19,765419,140,18.766666666666666,4.0
2015-08-19,765420,163,20.8,4.0
2015-08-19,765421,180,20.6,4.0
2015-08-19,765423,182,18.2,4.0
2015-08-19,765426,191,20.633333333333333,4.0
2015-08-19,765428,305,18.5,4.0
2015-08-19,765430,330,19.666666666666668,4.0
2015-08-19,765433,380,18.889473684210525,4.0
2015-08-19,765446,512,18.466666666666665,4.0
2015-08-19,765458,604,18.733333333333334,4.0
2015-08-19,765459,617,20.525,4.0
2015-08-19,765460,642,19.4,4.0
2015-08-19,765461,643,19.325,4.0
2015-08-19,765462,662,20.369999999999997,4.2
2015-08-19,765463,665,20.4125,4.0
2015-08-19,765465,682,19.333333333333332,4.0
2015-08-19,765466,683,22.21818181818182,4.636363636363637
2015-08-19,765467,684,21.166666666666668,4.166666666666667
2015-08-19,765468,685,20.700000000000003,4.0
2015-08-19,765469,686,19.5125,4.0
2015-08-19,765470,687,17.900000000000002,4.0
2015-08-19,765471,760,20.790909090909093,4.0
2015-08-19,765472,761,23.7,4.75
2015-08-19,765473,763,25.82,5.0
2015-08-19,765474,764,22.8,5.0
2015-08-19,765475,765,22.071428571428573,4.571428571428571
2015-08-19,765477,780,23.592857142857145,4.928571428571429
2015-08-19,765478,781,20.676470588235293,4.235294117647059
2015-08-19,765479,821,20.385714285714283,4.0
2015-08-19,765480,834,21.175,4.5
2015-08-19,765482,860,19.72,4.0
2015-08-19,765483,861,18.633333333333333,4.0
2015-08-19,765484,862,23.37142857142857,4.857142857142857
2015-08-19,765485,880,19.918181818181818,4.181818181818182
2015-08-19,765486,881,22.0375,4.625
2015-08-19,765491,980,23.328260869565216,4.608695652173913
2015-08-19,765492,1060,22.96666666666667,5.0
2015-08-19,765493,1080,21.445454545454545,4.636363636363637
2015-08-19,765494,1081,25.75,5.0
2015-08-19,765495,1082,26.616666666666664,5.333333333333333
2015-08-19,765496,1083,22.866666666666664,4.666666666666667
2015-08-19,765497,1214,22.933333333333334,5.0
2015-08-19,765498,1230,25.2,5.0
2015-08-19,765499,1231,27.4,5.0
2015-08-19,765500,1233,29.53333333333333,6.0
2015-08-19,765501,1256,20.54,4.0
2015-08-19,765502,1257,17.95,4.0
2015-08-19,765503,1260,22.25,4.5
2015-08-19,765504,1261,24.200000000000003,5.0
2015-08-19,765505,1263,24.35,5.0
2015-08-19,765507,1265,20.7,4.2
2015-08-19,765508,1266,21.366666666666664,4.666666666666667
2015-08-19,765509,1267,21.5,4.0
2015-08-19,765510,1270,17.6,4.0
2015-08-19,765511,1272,24.6,5.0
2015-08-19,765512,1273,20.4,4.4
2015-08-19,765513,1275,20.3,4.0
2015-08-19,765514,1276,20.475,4.0
2015-08-19,765515,1277,23.6,5.0
2015-08-19,765517,1280,27.099999999999998,5.0
2015-08-19,765518,1281,24.325,5.0
2015-08-19,765519,1282,20.466666666666665,4.333333333333333
2015-08-19,765520,1283,20.85,4.5
2015-08-19,765521,1284,20.7,4.2
2015-08-19,765522,1285,24.3,5.0
2015-08-19,765524,1287,23.52,4.8
2015-08-19,765525,1290,19.707692307692305,4.0
2015-08-19,765527,1292,19.233333333333334,4.0
2015-08-19,765528,1293,18.691666666666666,4.0
2015-08-19,765536,1402,17.5,4.0
2015-08-19,765537,1415,17.6,4.0
2015-08-19,765547,1442,18.7,4.0
2015-08-19,765548,1443,19.2,4.0
2015-08-19,765549,1444,18.35,4.0
2015-08-19,765550,1445,18.45,4.0
2015-08-19,765553,1452,19.65,4.0
2015-08-19,765557,1463,18.400000000000002,4.0
2015-08-19,765558,1465,19.344444444444445,4.0
2015-08-19,765559,1466,18.633333333333333,4.0
2015-08-19,765560,1470,18.75714285714286,4.0
2015-08-19,765565,1481,17.8,4.0
2015-08-19,765571,1488,18.3,4.0
2015-08-19,765573,1490,18.9,4.0
2015-08-19,765574,1491,18.9375,4.0
2015-08-19,765582,1499,18.071428571428573,4.0
2015-08-19,765651,2283,20.504545454545454,4.090909090909091
2015-08-19,765653,2303,18.65909090909091,4.0
2015-08-19,765662,2403,22.47,4.7
2015-08-19,765663,2404,24.02916666666667,4.958333333333333
2015-08-19,765664,2409,20.283333333333335,4.166666666666667
2015-08-19,765665,2417,19.51764705882353,4.0588235294117645
2015-08-19,765670,2460,21.816666666666666,4.333333333333333
2015-08-19,765672,2463,19.966666666666665,4.0
2015-08-19,765674,2481,21.136170212765958,4.212765957446808
2015-08-19,765675,2482,20.6,4.323076923076923
2015-08-20,765694,126,18.7,4.0
2015-08-20,765696,128,18.3,4.0
2015-08-20,765699,140,18.233333333333334,4.0
2015-08-20,765700,163,18.3,4.0
2015-08-20,765701,180,19.85,4.0
2015-08-20,765703,182,18.8,4.0
2015-08-20,765704,187,17.450000000000003,4.0
2015-08-20,765706,191,18.5,4.0
2015-08-20,765710,330,17.933333333333334,4.0
2015-08-20,765712,360,19.040000000000003,4.0
2015-08-20,765713,380,18.794736842105266,4.0
2015-08-20,765726,512,17.683333333333334,4.0
2015-08-20,765738,604,18.066666666666666,4.0
2015-08-20,765739,617,20.125,4.0
2015-08-20,765740,642,20.299999999999997,4.0
2015-08-20,765741,643,19.925,4.0
2015-08-20,765742,662,20.95,4.2
2015-08-20,765743,665,20.325,4.0
2015-08-20,765745,682,18.155555555555555,4.0
2015-08-20,765746,683,22.01818181818182,4.545454545454546
2015-08-20,765747,684,20.083333333333332,4.0
2015-08-20,765748,685,20.23846153846154,4.0
2015-08-20,765750,687,18.15,4.0
2015-08-20,765751,760,21.763636363636365,4.2727272727272725
2015-08-20,765752,761,25.25,5.0
2015-08-20,765753,763,26.4,4.9
2015-08-20,765754,764,23.0875,4.875
2015-08-20,765755,765,23.714285714285715,4.714285714285714
2015-08-20,765757,780,23.72142857142857,5.0
2015-08-20,765758,781,22.158823529411762,4.529411764705882
2015-08-20,765759,821,23.900000000000002,5.0
2015-08-20,765760,834,22.575000000000003,4.75
2015-08-20,765762,860,21.73,4.5
2015-08-20,765763,861,23.21666666666667,4.666666666666667
2015-08-20,765764,862,25.428571428571427,5.0
2015-08-20,765765,880,23.372727272727275,4.818181818181818
2015-08-20,765766,881,25.0375,5.0
2015-08-20,765767,882,20.71818181818182,4.181818181818182
2015-08-20,765769,884,18.79,4.0
2015-08-20,765772,1060,23.366666666666664,5.0
2015-08-20,765773,1080,20.463636363636365,4.181818181818182
2015-08-20,765774,1081,25.95,5.125
2015-08-20,765775,1082,23.083333333333332,4.666666666666667
2015-08-20,765777,1214,22.5,4.666666666666667
2015-08-20,765778,1230,24.4,5.0
2015-08-20,765779,1231,25.4,5.0
2015-08-20,765781,1256,19.06,4.0
2015-08-20,765783,1260,22.15,5.0
2015-08-20,765784,1261,19.95,4.0
2015-08-20,765785,1263,21.299999999999997,4.5
2015-08-20,765789,1267,17.7,4.0
2015-08-20,765791,1272,17.3,4.0
2015-08-20,765792,1273,21.3,4.4
2015-08-20,765793,1275,17.3,4.0
2015-08-20,765794,1276,19.5,4.0
2015-08-20,765795,1277,24.5,5.0
2015-08-20,765796,1278,19.65,4.25
2015-08-20,765797,1280,19.599999999999998,4.0
2015-08-20,765798,1281,23.85,4.75
2015-08-20,765799,1282,18.7,4.0
2015-08-20,765800,1283,20.9,4.5
2015-08-20,765801,1284,20.9,4.2
2015-08-20,765802,1285,23.4,5.0
2015-08-20,765807,1292,19.5,4.0
2015-08-20,765809,1315,19.2125,4.0
2015-08-20,765816,1402,17.8,4.0
2015-08-20,765827,1442,21.525,4.0
2015-08-20,765828,1443,20.5,4.0
2015-08-20,765829,1444,18.7,4.0
2015-08-20,765830,1445,20.75,4.5
2015-08-20,765833,1452,20.675,4.125
2015-08-20,765837,1463,19.400000000000002,4.0
2015-08-20,765838,1465,20.211111111111112,4.0
2015-08-20,765839,1466,21.766666666666666,4.333333333333333
2015-08-20,765840,1470,20.87142857142857,4.142857142857143
2015-08-20,765851,1488,19.1,4.0
2015-08-20,765853,1490,21.155555555555555,4.111111111111111
2015-08-20,765854,1491,20.7125,4.0
2015-08-20,765858,1495,19.099999999999998,4.0
2015-08-20,765859,1496,18.271428571428572,4.0
2015-08-20,765861,1498,19.56,4.0
2015-08-20,765862,1499,20.52857142857143,4.0
2015-08-20,765931,2283,20.93409090909091,4.204545454545454
2015-08-20,765933,2303,19.445454545454545,4.0
2015-08-20,765942,2403,23.32,4.7
2015-08-20,765943,2404,24.433333333333334,4.958333333333333
2015-08-20,765944,2409,21.71666666666667,4.5
2015-08-20,765945,2417,18.976470588235294,4.0
2015-08-20,765950,2460,23.433333333333334,4.833333333333333
2015-08-20,765952,2463,19.086111111111112,4.0
2015-08-20,765953,2480,20.120833333333334,4.208333333333333
2015-08-20,765954,2481,20.091489361702127,4.127659574468085
2015-08-20,765955,2482,20.7,4.323076923076923
2015-08-21,765970,115,18.775,4.0
2015-08-21,765971,117,17.825,4.0
2015-08-21,765974,126,20.0,4.0
2015-08-21,765975,127,18.0,4.0
2015-08-21,765976,128,19.7,4.0
2015-08-21,765979,140,19.03333333333333,4.0
2015-08-21,765980,163,19.9,4.0
2015-08-21,765981,180,21.4,4.5
2015-08-21,765983,182,21.3,4.0
2015-08-21,765984,187,19.35,4.0
2015-08-21,765986,191,20.033333333333335,4.0
2015-08-21,765988,305,18.75,4.0
2015-08-21,765989,319,18.46666666666667,4.0
2015-08-21,765990,330,19.866666666666664,4.0
2015-08-21,765991,331,18.481818181818184,4.0
2015-08-21,765992,360,20.293333333333333,4.066666666666666
2015-08-21,765993,380,20.46315789473684,4.105263157894737
2015-08-21,766003,486,18.314285714285713,4.0
2015-08-21,766006,512,17.95,4.0
2015-08-21,766018,604,18.566666666666666,4.0
2015-08-21,766019,617,19.1,4.0
2015-08-21,766020,642,17.85,4.0
2015-08-21,766021,643,17.75,4.0
2015-08-21,766022,662,20.5,4.0
2015-08-21,766023,665,20.1,4.0
2015-08-21,766025,682,18.188888888888886,4.0
2015-08-21,766027,684,18.95,4.0
2015-08-21,766028,685,19.315384615384616,4.0
2015-08-21,766029,686,18.625,4.0
2015-08-21,766030,687,18.25,4.0
2015-08-21,766031,760,18.572727272727274,4.0
2015-08-21,766032,761,19.2,4.0
2015-08-21,766034,764,18.2125,4.0
2015-08-21,766037,780,18.864285714285717,4.0
2015-08-21,766039,821,20.457142857142856,4.0
2015-08-21,766042,860,20.02,4.0
2015-08-21,766044,862,19.97142857142857,4.0
2015-08-21,766046,881,21.0,4.125
2015-08-21,766052,1060,20.400000000000002,4.0
2015-08-21,766054,1081,22.075,4.5
2015-08-21,766055,1082,20.616666666666667,4.166666666666667
2015-08-21,766057,1214,18.666666666666668,4.0
2015-08-21,766058,1230,22.1,5.0
2015-08-21,766059,1231,21.5,4.0
2015-08-21,766063,1260,18.049999999999997,4.0
2015-08-21,766065,1263,20.55,4.5
2015-08-21,766069,1267,17.2,4.0
2015-08-21,766071,1272,17.1,4.0
2015-08-21,766075,1277,20.0,4.0
2015-08-21,766078,1281,21.0,4.0
2015-08-21,766082,1285,19.75,4.0
2015-08-21,766095,1401,17.966666666666665,4.0
2015-08-21,766096,1402,18.1,4.0
2015-08-21,766107,1442,18.375,4.0
2015-08-21,766108,1443,18.8,4.0
2015-08-21,766113,1452,20.9875,4.0
2015-08-21,766117,1463,21.428571428571427,4.428571428571429
2015-08-21,766118,1465,22.044444444444444,4.555555555555555
2015-08-21,766119,1466,18.099999999999998,4.0
2015-08-21,766125,1481,18.799999999999997,4.0
2015-08-21,766133,1490,19.444444444444443,4.111111111111111
2015-08-21,766134,1491,17.925,4.0
2015-08-21,766141,1498,17.6,4.0
2015-08-21,766172,1907,17.566666666666666,4.0
2015-08-21,766175,1962,17.200000000000003,4.0
2015-08-21,766177,1981,18.25,4.0
2015-08-21,766186,2034,17.9375,4.0
2015-08-21,766196,2101,20.700000000000003,4.111111111111111
2015-08-21,766198,2121,21.788235294117644,4.411764705882353
2015-08-21,766199,2132,20.70714285714286,4.357142857142857
2015-08-21,766200,2161,20.378723404255318,4.212765957446808
2015-08-21,766202,2181,18.18,4.0
2015-08-21,766203,2182,19.175,4.0
2015-08-21,766204,2183,22.273333333333333,4.6
2015-08-21,766205,2184,19.766666666666666,4.041666666666667
2015-08-21,766206,2260,21.95384615384615,4.461538461538462
2015-08-21,766207,2262,20.557142857142857,4.285714285714286
2015-08-21,766208,2280,19.575,4.083333333333333
2015-08-21,766209,2281,21.433333333333334,4.366666666666666
2015-08-21,766210,2282,20.03,4.3
2015-08-21,766211,2283,23.822727272727274,4.840909090909091
2015-08-21,766212,2284,20.888524590163936,4.295081967213115
2015-08-21,766213,2303,21.954545454545453,4.545454545454546
2015-08-21,766214,2305,21.26451612903226,4.193548387096774
2015-08-21,766217,2321,19.77179487179487,4.051282051282051
2015-08-21,766218,2326,20.61730769230769,4.269230769230769
2015-08-21,766219,2361,19.627083333333335,4.020833333333333
2015-08-21,766220,2380,20.736842105263158,4.157894736842105
2015-08-21,766222,2403,24.64,5.0
2015-08-21,766223,2404,26.395833333333332,5.083333333333333
2015-08-21,766224,2409,22.525000000000002,4.5
2015-08-21,766225,2417,21.16470588235294,4.352941176470588
2015-08-21,766226,2418,18.67142857142857,4.0
2015-08-21,766230,2460,23.933333333333334,5.0
2015-08-21,766232,2463,22.01388888888889,4.416666666666667
2015-08-21,766233,2480,20.241666666666667,4.083333333333333
2015-08-21,766234,2481,23.140425531914893,4.76595744680851
2015-08-21,766235,2482,22.08153846153846,4.507692307692308
2015-08-22,766250,115,18.2,4.0
2015-08-22,766254,126,17.9,4.0
2015-08-22,766260,163,18.8,4.0
2015-08-22,766263,182,19.3,4.0
2015-08-22,766264,187,17.4,4.0
2015-08-22,766266,191,18.7,4.0
2015-08-22,766270,330,17.933333333333334,4.0
2015-08-22,766302,662,18.990000000000002,4.0
2015-08-22,766303,665,18.4875,4.0
2015-08-22,766306,683,19.254545454545454,4.0
2015-08-22,766307,684,18.966666666666665,4.0
2015-08-22,766308,685,20.04615384615385,4.0
2015-08-22,766311,760,21.363636363636363,4.0
2015-08-22,766312,761,22.625,4.75
2015-08-22,766313,763,23.89,4.8
2015-08-22,766314,764,21.3125,4.25
2015-08-22,766315,765,21.557142857142857,4.428571428571429
2015-08-22,766317,780,22.349999999999998,4.571428571428571
2015-08-22,766319,821,23.228571428571428,5.0
2015-08-22,766320,834,20.9,4.25
2015-08-22,766322,860,21.89,4.6
2015-08-22,766323,861,22.133333333333336,4.666666666666667
2015-08-22,766324,862,22.685714285714287,4.857142857142857
2015-08-22,766325,880,21.827272727272728,4.636363636363637
2015-08-22,766326,881,23.2625,5.0
2015-08-22,766327,882,19.345454545454547,4.0
2015-08-22,766332,1060,22.2,4.666666666666667
2015-08-22,766333,1080,19.518181818181816,4.090909090909091
2015-08-22,766334,1081,23.775,4.75
2015-08-22,766335,1082,22.433333333333334,4.666666666666667
2015-08-22,766337,1214,22.633333333333336,4.666666666666667
2015-08-22,766338,1230,25.7,5.0
2015-08-22,766339,1231,26.2,5.0
2015-08-22,766341,1256,19.560000000000002,4.0
2015-08-22,766343,1260,21.8,4.5
2015-08-22,766344,1261,19.25,4.0
2015-08-22,766345,1263,24.1,5.0
2015-08-22,766347,1265,21.66,4.4
2015-08-22,766348,1266,22.433333333333334,4.666666666666667
2015-08-22,766349,1267,20.3,4.0
2015-08-22,766350,1270,19.1,4.0
2015-08-22,766351,1272,20.8,4.0
2015-08-22,766352,1273,19.919999999999998,4.0
2015-08-22,766353,1275,18.0,4.0
2015-08-22,766354,1276,19.25,4.0
2015-08-22,766355,1277,23.7,5.0
2015-08-22,766358,1281,25.375,5.0
2015-08-22,766362,1285,24.325000000000003,5.0
2015-08-22,766387,1442,19.475,4.0
2015-08-22,766390,1445,19.5,4.0
2015-08-22,766399,1466,19.133333333333333,4.0
2015-08-22,766479,2132,20.164285714285715,4.142857142857143
2015-08-22,766486,2260,22.173076923076923,4.538461538461538
2015-08-22,766487,2262,21.557142857142853,4.571428571428571
2015-08-22,766488,2280,20.150000000000002,4.25
2015-08-22,766489,2281,22.296666666666667,4.7
2015-08-22,766490,2282,20.64,4.45
2015-08-22,766491,2283,23.613636363636363,4.795454545454546
2015-08-22,766492,2284,22.496721311475408,4.622950819672131
2015-08-22,766493,2303,22.181818181818183,4.5
2015-08-22,766494,2305,21.787096774193547,4.354838709677419
2015-08-22,766498,2326,20.16923076923077,4.1923076923076925
2015-08-22,766500,2380,21.010526315789473,4.2631578947368425
2015-08-22,766501,2401,19.807692307692307,4.153846153846154
2015-08-22,766502,2403,25.48,5.0
2015-08-22,766503,2404,25.45,5.041666666666667
2015-08-22,766504,2409,22.316666666666666,4.416666666666667
2015-08-22,766505,2417,20.03529411764706,4.0588235294117645
2015-08-22,766510,2460,26.166666666666668,5.0
2015-08-22,766512,2463,20.897222222222222,4.138888888888889
2015-08-22,766513,2480,21.349999999999998,4.333333333333333
2015-08-22,766514,2481,21.9531914893617,4.48936170212766
2015-08-22,766515,2482,20.639999999999997,4.338461538461538
2015-08-23,766530,115,20.35,4.25
2015-08-23,766533,125,19.35,4.0
2015-08-23,766534,126,19.6,4.0
2015-08-23,766535,127,17.1,4.0
2015-08-23,766536,128,18.9,4.0
2015-08-23,766539,140,18.966666666666665,4.0
2015-08-23,766540,163,21.9,4.0
2015-08-23,766541,180,20.7,4.0
2015-08-23,766543,182,18.8,4.0
2015-08-23,766544,187,17.799999999999997,4.0
2015-08-23,766546,191,20.933333333333334,4.0
2015-08-23,766548,305,18.55,4.0
2015-08-23,766549,319,20.400000000000002,4.0
2015-08-23,766550,330,20.866666666666664,4.0
2015-08-23,766551,331,20.236363636363635,4.0
2015-08-23,766552,360,21.086666666666666,4.333333333333333
2015-08-23,766553,380,20.63157894736842,4.2105263157894735
2015-08-23,766554,381,18.711111111111112,4.0
2015-08-23,766555,382,21.48,4.533333333333333
2015-08-23,766557,461,17.825,4.0
2015-08-23,766563,486,19.67142857142857,4.0
2015-08-23,766566,512,18.349999999999998,4.0
2015-08-23,766567,513,18.68,4.0
2015-08-23,766569,561,19.983333333333334,4.0
2015-08-23,766570,562,19.355555555555554,4.0
2015-08-23,766572,580,19.941666666666666,4.0
2015-08-23,766574,582,18.642857142857142,4.0
2015-08-23,766577,586,19.9,4.0
2015-08-23,766578,604,18.833333333333332,4.0
2015-08-23,766579,617,21.875,4.75
2015-08-23,766580,642,20.15,4.0
2015-08-23,766581,643,19.325,4.0
2015-08-23,766582,662,23.509999999999998,4.9
2015-08-23,766583,665,20.9875,4.25
2015-08-23,766585,682,18.61111111111111,4.0
2015-08-23,766586,683,24.236363636363638,4.818181818181818
2015-08-23,766587,684,22.45,4.5
2015-08-23,766588,685,22.4,4.769230769230769
2015-08-23,766589,686,19.625,4.0
2015-08-23,766590,687,19.825,4.0
2015-08-23,766591,760,26.99090909090909,5.181818181818182
2015-08-23,766592,761,29.425,5.75
2015-08-23,766593,763,30.7,5.8
2015-08-23,766594,764,26.2375,5.125
2015-08-23,766595,765,23.914285714285715,4.857142857142857
2015-08-23,766596,767,17.75,4.0
2015-08-23,766597,780,27.7,5.357142857142857
2015-08-23,766598,781,23.023529411764706,4.647058823529412
2015-08-23,766599,821,28.52857142857143,5.857142857142857
2015-08-23,766600,834,26.075,5.0
2015-08-23,766602,860,25.96,5.1
2015-08-23,766603,861,26.616666666666664,5.166666666666667
2015-08-23,766604,862,29.014285714285712,6.0
2015-08-23,766605,880,26.827272727272728,5.454545454545454
2015-08-23,766606,881,29.475,6.0
2015-08-23,766607,882,23.963636363636365,4.818181818181818
2015-08-23,766609,884,20.85,4.3
2015-08-23,766610,885,20.326666666666664,4.266666666666667
2015-08-23,766611,980,22.321739130434782,4.521739130434782
2015-08-23,766612,1060,27.96666666666667,5.333333333333333
2015-08-23,766613,1080,24.745454545454546,5.090909090909091
2015-08-23,766614,1081,30.9875,5.875
2015-08-23,766615,1082,29.366666666666664,5.666666666666667
2015-08-23,766616,1083,22.46666666666667,4.666666666666667
2015-08-23,766617,1214,24.3,5.0
2015-08-23,766618,1230,26.1,5.0
2015-08-23,766619,1231,27.9,5.0
2015-08-23,766620,1233,21.833333333333332,4.333333333333333
2015-08-23,766621,1256,22.32,4.6
2015-08-23,766622,1257,19.75,4.0
2015-08-23,766623,1260,24.4,5.0
2015-08-23,766624,1261,23.4,4.5
2015-08-23,766625,1263,23.1,5.0
2015-08-23,766627,1265,20.56,4.0
2015-08-23,766628,1266,21.866666666666664,4.666666666666667
2015-08-23,766629,1267,21.3,4.0
2015-08-23,766631,1272,24.9,5.0
2015-08-23,766632,1273,22.84,4.6
2015-08-23,766633,1275,20.4,4.0
2015-08-23,766634,1276,22.15,4.5
2015-08-23,766635,1277,28.1,6.0
2015-08-23,766636,1278,21.125,4.25
2015-08-23,766637,1280,21.599999999999998,4.333333333333333
2015-08-23,766638,1281,25.05,5.0
2015-08-23,766639,1282,20.366666666666667,4.333333333333333
2015-08-23,766640,1283,22.75,4.5
2015-08-23,766641,1284,21.52,4.2
2015-08-23,766642,1285,24.7,5.0
2015-08-23,766644,1287,20.1,4.0
2015-08-23,766647,1292,22.2,4.333333333333333
2015-08-23,766648,1293,19.583333333333332,4.083333333333333
2015-08-23,766649,1315,21.5,4.5
2015-08-23,766650,1380,19.1,4.0
2015-08-23,766652,1382,20.830000000000002,4.2
2015-08-23,766653,1383,19.650000000000002,4.25
2015-08-23,766655,1401,19.3,4.0
2015-08-23,766656,1402,18.6,4.0
2015-08-23,766663,1438,18.985714285714288,4.0
2015-08-23,766664,1439,18.283333333333335,4.0
2015-08-23,766665,1440,17.5,4.0
2015-08-23,766667,1442,22.475,4.75
2015-08-23,766668,1443,20.5,4.0
2015-08-23,766669,1444,21.4,4.5
2015-08-23,766670,1445,23.2,5.0
2015-08-23,766673,1452,21.75,4.375
2015-08-23,766676,1462,18.0,4.0
2015-08-23,766677,1463,22.485714285714288,4.571428571428571
2015-08-23,766678,1465,23.11111111111111,5.0
2015-08-23,766679,1466,22.233333333333334,4.666666666666667
2015-08-23,766680,1470,22.87142857142857,4.714285714285714
2015-08-23,766681,1471,19.34,4.2
2015-08-23,766682,1472,20.549999999999997,4.0
2015-08-23,766683,1473,21.02857142857143,4.428571428571429
2015-08-23,766685,1481,19.9,4.0
2015-08-23,766688,1485,19.175,4.0
2015-08-23,766690,1487,20.2,4.0
2015-08-23,766691,1488,21.45,4.5
2015-08-23,766692,1489,19.54,4.0
2015-08-23,766693,1490,20.733333333333334,4.222222222222222
2015-08-23,766694,1491,19.7,4.0
2015-08-23,766698,1495,22.766666666666666,5.0
2015-08-23,766699,1496,21.37142857142857,4.142857142857143
2015-08-23,766701,1498,20.779999999999998,4.0
2015-08-23,766702,1499,22.057142857142857,4.571428571428571
2015-08-23,766703,1715,18.799999999999997,4.0
2015-08-23,766704,1730,20.345454545454547,4.0
2015-08-23,766706,1760,18.5,4.0
2015-08-23,766709,1763,18.075,4.0
2015-08-23,766712,1766,18.45,4.0
2015-08-23,766719,1814,21.175,4.25
2015-08-23,766720,1860,18.816666666666666,4.0
2015-08-23,766721,1861,19.5,4.0
2015-08-23,766722,1862,21.25,4.25
2015-08-23,766726,1881,20.1,4.0
2015-08-23,766728,1883,20.4,4.0
2015-08-23,766729,1884,18.65,4.0
2015-08-23,766731,1904,20.0,4.0
2015-08-23,766732,1907,20.433333333333334,4.0
2015-08-23,766733,1960,21.35,4.0
2015-08-23,766734,1961,21.4,4.0
2015-08-23,766735,1962,20.75,4.0
2015-08-23,766737,1981,20.77,4.0
2015-08-23,766738,1982,20.049999999999997,4.0
2015-08-23,766739,1983,21.216666666666665,4.166666666666667
2015-08-23,766744,2029,18.125,4.0
2015-08-23,766752,2082,18.875,4.0
2015-08-23,766753,2083,19.25,4.0
2015-08-23,766754,2084,20.216666666666665,4.0
2015-08-23,766756,2101,21.288888888888888,4.333333333333333
2015-08-23,766757,2104,19.925,4.0
2015-08-23,766761,2180,20.89375,4.125
2015-08-23,766762,2181,20.86,4.2
2015-08-23,766771,2283,20.490909090909092,4.159090909090909
2015-08-23,766772,2284,19.35081967213115,4.0
2015-08-23,766782,2403,22.580000000000002,4.7
2015-08-23,766783,2404,21.9875,4.5
2015-08-23,766790,2460,20.466666666666665,4.333333333333333
2015-08-24,766810,115,23.9,4.75
2015-08-24,766813,125,25.7,5.0
2015-08-24,766814,126,24.1,5.0
2015-08-24,766815,127,19.5,4.0
2015-08-24,766816,128,24.0,5.0
2015-08-24,766818,139,25.133333333333336,5.0
2015-08-24,766819,140,23.333333333333332,4.666666666666667
2015-08-24,766820,163,27.8,5.0
2015-08-24,766821,180,26.8,5.5
2015-08-24,766822,181,19.9,4.0
2015-08-24,766823,182,22.1,5.0
2015-08-24,766824,187,21.200000000000003,4.5
2015-08-24,766826,191,26.233333333333334,5.0
2015-08-24,766828,305,24.1,5.0
2015-08-24,766830,330,25.566666666666663,5.0
2015-08-24,766831,331,19.672727272727272,4.0
2015-08-24,766832,360,20.959999999999997,4.333333333333333
2015-08-24,766833,380,24.53684210526316,4.947368421052632
2015-08-24,766834,381,21.700000000000003,4.333333333333333
2015-08-24,766835,382,23.666666666666668,4.733333333333333
2015-08-24,766836,428,20.275,4.0
2015-08-24,766837,461,20.4,4.0
2015-08-24,766839,481,17.9,4.0
2015-08-24,766840,482,19.85,4.0
2015-08-24,766841,483,19.73,4.0
2015-08-24,766842,484,20.091666666666665,4.0
2015-08-24,766843,486,23.3,4.714285714285714
2015-08-24,766845,509,23.416666666666668,4.666666666666667
2015-08-24,766846,512,22.03333333333333,4.5
2015-08-24,766847,513,21.9,4.4
2015-08-24,766848,560,24.133333333333336,4.833333333333333
2015-08-24,766849,561,22.150000000000002,4.666666666666667
2015-08-24,766850,562,21.811111111111114,4.222222222222222
2015-08-24,766852,580,24.233333333333334,5.0
2015-08-24,766853,581,20.0,4.1875
2015-08-24,766855,583,22.241666666666664,4.666666666666667
2015-08-24,766856,584,20.533333333333335,4.333333333333333
2015-08-24,766857,586,24.82,5.0
2015-08-24,766858,604,21.766666666666666,4.0
2015-08-24,766868,685,19.915384615384614,4.076923076923077
2015-08-24,766869,686,21.525,4.375
2015-08-24,766870,687,23.575,5.0
2015-08-24,766871,760,20.145454545454545,4.181818181818182
2015-08-24,766879,821,25.914285714285715,5.0
2015-08-24,766882,860,24.29,5.0
2015-08-24,766883,861,23.483333333333334,4.833333333333333
2015-08-24,766885,880,19.90909090909091,4.090909090909091
2015-08-24,766886,881,22.125,4.25
2015-08-24,766887,882,20.518181818181816,4.181818181818182
2015-08-24,766889,884,21.48,4.3
2015-08-24,766891,980,23.286956521739132,4.717391304347826
2015-08-24,766951,1446,19.0,4.0
2015-08-24,766988,1762,18.3,4.0
2015-08-24,766996,1783,18.044444444444444,4.0
2015-08-24,767001,1861,19.775,4.0
2015-08-24,767002,1862,18.65,4.0
2015-08-24,767006,1881,19.2,4.0
2015-08-24,767007,1882,20.288888888888888,4.0
2015-08-24,767008,1883,18.325,4.0
2015-08-24,767011,1904,18.419999999999998,4.0
2015-08-24,767012,1907,19.066666666666666,4.0
2015-08-24,767013,1960,19.700000000000003,4.0
2015-08-24,767014,1961,19.4,4.0
2015-08-24,767015,1962,19.6,4.0
2015-08-24,767016,1980,20.555555555555557,4.222222222222222
2015-08-24,767017,1981,19.490000000000002,4.0
2015-08-24,767018,1982,18.95,4.0
2015-08-24,767019,1983,18.583333333333332,4.0
2015-08-24,767021,2021,18.014285714285716,4.0
2015-08-24,767032,2082,18.025,4.0
2015-08-24,767033,2083,18.05,4.0
2015-08-24,767034,2084,18.666666666666668,4.0
2015-08-24,767037,2104,17.6,4.0
2015-08-24,767046,2260,20.334615384615386,4.076923076923077
2015-08-24,767049,2281,19.993333333333332,4.066666666666666
2015-08-24,767051,2283,20.693181818181817,4.0227272727272725
2015-08-24,767053,2303,20.054545454545455,4.181818181818182
2015-08-24,767054,2305,19.348387096774193,4.064516129032258
2015-08-24,767057,2321,24.437179487179485,4.923076923076923
2015-08-24,767062,2403,22.15,4.6
2015-08-24,767063,2404,22.087500000000002,4.541666666666667
2015-08-24,767070,2460,20.150000000000002,4.0
2015-08-24,767072,2463,19.65,4.0
2015-08-25,767090,115,22.725,4.5
2015-08-25,767091,117,19.125,4.0
2015-08-25,767093,125,26.725,5.5
2015-08-25,767094,126,24.1,5.0
2015-08-25,767095,127,17.9,4.0
2015-08-25,767096,128,21.7,4.0
2015-08-25,767098,139,25.266666666666666,5.0
2015-08-25,767099,140,20.766666666666666,4.333333333333333
2015-08-25,767100,163,26.9,5.0
2015-08-25,767101,180,28.0,5.5
2015-08-25,767103,182,21.7,4.0
2015-08-25,767104,187,23.299999999999997,5.0
2015-08-25,767105,188,20.095238095238095,4.190476190476191
2015-08-25,767106,191,25.53333333333333,5.0
2015-08-25,767108,305,26.200000000000003,5.0
2015-08-25,767109,319,21.133333333333336,4.333333333333333
2015-08-25,767110,330,25.366666666666664,5.0
2015-08-25,767111,331,22.163636363636364,4.454545454545454
2015-08-25,767112,360,23.39333333333333,4.666666666666667
2015-08-25,767113,380,25.263157894736842,5.052631578947368
2015-08-25,767114,381,23.733333333333334,4.888888888888889
2015-08-25,767115,382,25.8,5.066666666666666
2015-08-25,767123,486,21.8,4.428571428571429
2015-08-25,767171,980,23.630434782608695,4.782608695652174
2015-08-25,767294,1961,19.1,4.0
2015-08-25,767295,1962,22.0,4.5
2015-08-25,767296,1980,22.855555555555554,4.777777777777778
2015-08-25,767297,1981,21.630000000000003,4.2
2015-08-25,767303,2026,19.5,4.0
2015-08-25,767304,2029,20.708333333333332,4.166666666666667
2015-08-25,767305,2031,20.605882352941176,4.0
2015-08-25,767306,2034,19.00625,4.0
2015-08-25,767309,2062,20.6375,4.375
2015-08-25,767310,2080,20.48421052631579,4.105263157894737
2015-08-25,767311,2081,20.119999999999997,4.2
2015-08-25,767312,2082,20.775,4.0
2015-08-25,767313,2083,20.875,4.0
2015-08-25,767314,2084,21.233333333333334,4.333333333333333
2015-08-25,767316,2101,18.022222222222222,4.0
2015-08-25,767317,2104,20.475,4.0
2015-08-25,767318,2121,22.094117647058823,4.529411764705882
2015-08-25,767320,2161,22.840425531914892,4.638297872340425
2015-08-25,767322,2181,19.96,4.0
2015-08-25,767324,2183,19.80666666666667,4.133333333333334
2015-08-25,767325,2184,19.354166666666668,4.041666666666667
2015-08-25,767326,2260,25.088461538461537,4.923076923076923
2015-08-25,767329,2281,21.78666666666667,4.533333333333333
2015-08-25,767331,2283,21.05909090909091,4.340909090909091
2015-08-25,767333,2303,20.863636363636363,4.2727272727272725
2015-08-25,767334,2305,23.274193548387096,4.838709677419355
2015-08-25,767337,2321,24.71794871794872,4.82051282051282
2015-08-25,767340,2380,21.13157894736842,4.421052631578948
2015-08-25,767342,2403,23.009999999999998,4.7
2015-08-25,767343,2404,23.941666666666666,4.833333333333333
2015-08-25,767345,2417,18.88823529411765,4.0
2015-08-25,767350,2460,22.5,4.5
2015-08-25,767354,2481,20.15531914893617,4.127659574468085
2015-08-25,767364,2560,17.77857142857143,4.0
2015-08-26,767443,861,23.016666666666666,4.5
2015-08-26,767447,882,22.554545454545455,4.636363636363637
2015-08-26,767448,883,20.963636363636365,4.2727272727272725
2015-08-26,767450,885,23.473333333333336,4.8
2015-08-26,767451,980,28.63478260869565,5.434782608695652
2015-08-26,767626,2418,21.42142857142857,4.5
2015-08-26,767636,2505,21.002040816326527,4.204081632653061
2015-08-26,767644,2560,20.564285714285713,4.071428571428571
2015-08-27,767653,125,18.775,4.0
2015-08-27,767654,126,21.7,4.0
2015-08-27,767656,128,20.4,4.0
2015-08-27,767660,163,23.4,5.0
2015-08-27,767661,180,26.6,5.5
2015-08-27,767663,182,18.8,4.0
2015-08-27,767664,187,19.05,4.0
2015-08-27,767675,382,19.540000000000003,4.0
2015-08-27,767679,481,19.7,4.0
2015-08-27,767684,488,19.799999999999997,4.5
2015-08-27,767691,563,18.614285714285717,4.0
2015-08-27,767723,861,24.849999999999998,5.166666666666667
2015-08-27,767727,882,24.463636363636365,4.909090909090909
2015-08-27,767728,883,24.718181818181815,4.909090909090909
2015-08-27,767730,885,28.413333333333334,5.333333333333333
2015-08-27,767731,980,35.13695652173913,5.891304347826087
2015-08-28,767930,115,22.275,4.75
2015-08-28,767931,117,21.25,4.25
2015-08-28,767933,125,22.725,4.75
2015-08-28,767934,126,25.3,5.0
2015-08-28,767935,127,20.6,4.0
2015-08-28,767936,128,22.9,5.0
2015-08-28,767938,139,21.066666666666666,4.333333333333333
2015-08-28,767939,140,21.933333333333334,4.333333333333333
2015-08-28,767940,163,24.5,5.0
2015-08-28,767941,180,27.85,5.5
2015-08-28,767942,181,21.32,4.0
2015-08-28,767943,182,25.6,5.0
2015-08-28,767944,187,24.049999999999997,5.0
2015-08-28,767945,188,20.504761904761907,4.190476190476191
2015-08-28,767946,191,21.03333333333333,4.0
2015-08-28,767947,192,20.44,4.0
2015-08-28,767948,305,19.1,4.0
2015-08-28,767949,319,22.366666666666664,4.333333333333333
2015-08-28,767950,330,20.900000000000002,4.333333333333333
2015-08-28,767951,331,20.454545454545453,4.090909090909091
2015-08-28,767952,360,20.466666666666665,4.133333333333334
2015-08-28,767953,380,21.210526315789473,4.315789473684211
2015-08-28,767955,382,21.386666666666667,4.266666666666667
2015-08-28,767957,461,20.6,4.0
2015-08-28,767959,481,22.8,5.0
2015-08-28,767963,486,20.32857142857143,4.0
2015-08-28,767964,488,21.6,4.0
2015-08-28,767971,563,21.514285714285712,4.285714285714286
2015-08-28,767974,582,19.685714285714287,4.142857142857143
2015-08-28,767999,821,23.942857142857143,4.714285714285714
2015-08-28,768002,860,22.93,4.5
2015-08-28,768007,882,20.072727272727274,4.2727272727272725
2015-08-28,768161,2180,19.53125,4.0
2015-08-29,768210,115,23.525000000000002,5.0
2015-08-29,768211,117,22.325,4.75
2015-08-29,768212,120,20.275,4.0
2015-08-29,768213,125,24.85,5.0
2015-08-29,768214,126,25.3,5.0
2015-08-29,768215,127,21.7,4.0
2015-08-29,768216,128,25.1,5.0
2015-08-29,768217,136,20.2,4.25
2015-08-29,768218,139,23.46666666666667,5.0
2015-08-29,768219,140,25.166666666666668,5.0
2015-08-29,768220,163,28.0,6.0
2015-08-29,768221,180,27.799999999999997,5.5
2015-08-29,768222,181,23.52,4.8
2015-08-29,768223,182,26.5,5.0
2015-08-29,768224,187,24.05,5.0
2015-08-29,768225,188,21.623809523809523,4.333333333333333
2015-08-29,768226,191,23.400000000000002,5.0
2015-08-29,768227,192,20.54,4.2
2015-08-29,768228,305,22.1,4.5
2015-08-29,768229,319,19.633333333333336,4.0
2015-08-29,768230,330,23.433333333333334,5.0
2015-08-29,768231,331,21.254545454545454,4.181818181818182
2015-08-29,768232,360,20.59333333333333,4.0
2015-08-29,768233,380,23.36842105263158,4.947368421052632
2015-08-29,768234,381,21.9,4.444444444444445
2015-08-29,768235,382,21.39333333333333,4.333333333333333
2015-08-29,768237,461,23.7,5.0
2015-08-29,768238,480,22.19090909090909,4.454545454545454
2015-08-29,768239,481,24.6,5.0
2015-08-29,768240,482,19.3125,4.125
2015-08-29,768242,484,19.733333333333334,4.166666666666667
2015-08-29,768243,486,24.2,5.0
2015-08-29,768244,488,23.15,5.0
2015-08-29,768251,563,22.5,4.714285714285714
2015-08-29,768253,581,19.75625,4.0
2015-08-29,768254,582,21.8,4.571428571428571
2015-08-29,768279,821,24.87142857142857,4.857142857142857
2015-08-29,768282,860,23.740000000000002,4.8
2015-08-29,768283,861,25.333333333333332,5.166666666666667
2015-08-29,768285,880,20.2,4.181818181818182
2015-08-29,768286,881,21.325,4.375
2015-08-29,768287,882,24.60909090909091,4.909090909090909
2015-08-29,768288,883,21.672727272727272,4.363636363636363
2015-08-29,768289,884,20.66,4.2
2015-08-29,768414,1961,17.7,4.0
2015-08-29,768416,1980,21.01111111111111,4.333333333333333
2015-08-30,768490,115,18.799999999999997,4.0
2015-08-30,768491,117,18.125,4.0
2015-08-30,768494,126,20.1,4.0
2015-08-30,768495,127,18.6,4.0
2015-08-30,768496,128,19.3,4.0
2015-08-30,768499,140,18.96666666666667,4.0
2015-08-30,768500,163,21.2,4.0
2015-08-30,768501,180,21.45,4.5
2015-08-30,768503,182,21.5,4.0
2015-08-30,768504,187,19.799999999999997,4.0
2015-08-30,768506,191,17.966666666666665,4.0
2015-08-30,768510,330,18.8,4.0
2015-08-30,768512,360,18.126666666666665,4.0
2015-08-30,768517,461,17.975,4.0
2015-08-30,768559,821,19.74285714285714,4.0
2015-08-30,768563,861,20.216666666666665,4.166666666666667
2015-08-30,768567,882,20.681818181818183,4.2727272727272725
2015-10-06,778936,1083,23.266666666666666,4.666666666666667
2015-10-06,778940,1233,22.233333333333334,4.333333333333333
2015-10-06,778946,1264,19.75,4.0
2015-10-06,778951,1272,18.6,4.0
2015-10-06,778964,1287,20.04,4.0
2015-10-07,779215,1082,21.183333333333334,4.166666666666667
2015-10-07,779216,1083,25.2,5.0
2015-10-07,779220,1233,23.266666666666666,4.666666666666667
2015-10-07,779231,1272,20.3,4.0
2015-10-07,779244,1287,20.56,4.2
2015-10-07,779246,1291,22.25,4.5
